season,week,home,away,neutral,home_sp,away_sp,sp_diff,home_open_spread,home_open_ml,away_open_ml,home_points,away_points,home_win
2020,1,Southern Miss,South Alabama,0,-7.9,-11.3,3.4,,,,21,32,0
2020,1,Army,Middle Tennessee,0,2.7,-11.7,14.4,,,,42,0,1
2020,1,Texas State,SMU,0,-13.4,9.2,-22.6,,,,24,31,0
2020,1,Memphis,Arkansas State,0,5.7,-6.5,12.2,,,,37,24,1
2020,1,Navy,BYU,0,-9.3,19.2,-28.5,,,,3,55,0
2020,2,Miami,UAB,0,12.8,6.3,6.5,,,,31,14,1
2020,2,North Carolina,Syracuse,0,18,-9.8,27.8,,,,31,6,1
2020,2,App State,Charlotte,0,10.3,-6.6,16.9,,,,35,20,1
2020,2,Kansas State,Arkansas State,0,2,-6.5,8.5,,,,31,35,0
2020,2,Iowa State,Louisiana,0,13.3,8.1,5.2,,,,14,31,0
2020,2,Army,UL Monroe,0,2.7,-18.4,21.1,,,,37,7,1
2020,2,Notre Dame,Duke,0,21,-4.2,25.2,,,,27,13,1
2020,2,Texas State,UTSA,0,-13.4,-9.6,-3.8,,,,48,51,0
2020,2,Florida State,Georgia Tech,0,-4.9,-1,-3.9,,,,13,16,0
2020,2,South Alabama,Tulane,0,-11.3,4.2,-15.5,,,,24,27,0
2020,2,Wake Forest,Clemson,0,0.8,26.1,-25.3,,,,13,37,0
2020,2,Texas,UTEP,0,9.7,-18.6,28.3,,,,59,3,1
2020,2,Louisville,Western Kentucky,0,6.5,-3.2,9.7,,,,35,21,1
2020,2,Kansas,Coastal Carolina,0,-16.3,6.6,-22.9,,,,23,38,0
2020,3,Western Kentucky,Liberty,0,-3.2,6.5,-9.7,,,,24,30,0
2020,3,Pittsburgh,Syracuse,0,6,-9.8,15.8,,,,21,10,1
2020,3,Oklahoma State,Tulsa,0,14.2,5.6,8.6,,,,16,7,1
2020,3,Georgia State,Louisiana,0,-5.7,8.1,-13.8,,,,31,34,0
2020,3,Tulane,Navy,0,4.2,-9.3,13.5,,,,24,27,0
2020,3,Duke,Boston College,0,-4.2,0.9,-5.1,,,,6,26,0
2020,3,Notre Dame,South Florida,0,21,-11.4,32.4,,,,52,0,1
2020,3,Marshall,App State,0,9.5,10.3,-0.8,,,,17,7,1
2020,3,Georgia Tech,UCF,0,-1,13.6,-14.6,,,,21,49,0
2020,3,Middle Tennessee,Troy,0,-11.7,2.3,-14.0,,,,14,47,0
2020,3,North Texas,SMU,0,-8,9.2,-17.2,,,,35,65,0
2020,3,Southern Miss,Louisiana Tech,0,-7.9,-7,-0.9,,,,30,31,0
2020,3,Louisville,Miami,0,6.5,12.8,-6.3,,,,34,47,0
2020,3,UL Monroe,Texas State,0,-18.4,-13.4,-5.0,,,,17,38,0
2020,3,NC State,Wake Forest,0,0,0.8,-0.8,,,,45,42,1
2020,4,South Alabama,UAB,0,-11.3,6.3,-17.6,,,,10,42,0
2020,4,UTSA,Middle Tennessee,0,-9.6,-11.7,2.1,,,,37,35,1
2020,4,East Carolina,UCF,0,-11,13.6,-24.6,,,,28,51,0
2020,4,Ole Miss,Florida,0,4.8,19.8,-15.0,,,,35,51,0
2020,4,Pittsburgh,Louisville,0,6,6.5,-0.5,,,,23,20,1
2020,4,Syracuse,Georgia Tech,0,-9.8,-1,-8.8,,,,37,20,1
2020,4,Auburn,Kentucky,0,12.6,2.2,10.4,,,,29,13,1
2020,4,Louisiana,Georgia Southern,0,8.1,0.2,7.9,,,,20,18,1
2020,4,Oklahoma,Kansas State,0,17.8,2,15.8,,,,35,38,0
2020,4,Liberty,Florida International,0,6.5,-10.7,17.2,,,,36,34,1
2020,4,TCU,Iowa State,0,1.6,13.3,-11.7,,,,34,37,0
2020,4,LSU,Mississippi State,0,6,-1.4,7.4,,,,34,44,0
2020,4,Cincinnati,Army,0,18.6,2.7,15.9,,,,24,10,1
2020,4,Texas Tech,Texas,0,-4.2,9.7,-13.9,,,,56,63,0
2020,4,Oklahoma State,West Virginia,0,14.2,8.5,5.7,,,,27,13,1
2020,4,UL Monroe,UTEP,0,-18.4,-18.6,0.2,,,,6,31,0
2020,4,Arkansas,Georgia,0,1.6,19.1,-17.5,,,,10,37,0
2020,4,Virginia,Duke,0,0.9,-4.2,5.1,,,,38,20,1
2020,4,Boston College,Texas State,0,0.9,-13.4,14.3,,,,24,21,1
2020,4,Missouri,Alabama,0,-1,28.3,-29.3,,,,19,38,0
2020,4,Southern Miss,Tulane,0,-7.9,4.2,-12.1,,,,24,66,0
2020,4,Baylor,Kansas,0,1.3,-16.3,17.6,,,,47,14,1
2020,4,Miami,Florida State,0,12.8,-4.9,17.7,,,,52,10,1
2020,4,Texas A&M,Vanderbilt,0,16.2,-16.8,33.0,,,,17,12,1
2020,4,South Carolina,Tennessee,0,-2.4,0.9,-3.3,,,,27,31,0
2020,4,Virginia Tech,NC State,0,13.7,0,13.7,,,,45,24,1
2020,4,BYU,Troy,0,19.2,2.3,16.9,,,,48,7,1
2020,5,BYU,Louisiana Tech,0,19.2,-7,26.2,,,,45,14,1
2020,5,Tennessee,Missouri,0,0.9,-1,1.9,,,,35,12,1
2020,5,Georgia State,East Carolina,0,-5.7,-11,5.3,,,,49,29,1
2020,5,Coastal Carolina,Arkansas State,0,6.6,-6.5,13.1,,,,52,23,1
2020,5,Florida,South Carolina,0,19.8,-2.4,22.2,,,,38,24,1
2020,5,Pittsburgh,NC State,0,6,0,6,,,,29,30,0
2020,5,West Virginia,Baylor,0,8.5,1.3,7.2,,,,27,21,1
2020,5,Texas,TCU,0,9.7,1.6,8.1,,,,31,33,0
2020,5,UAB,UTSA,0,6.3,-9.6,15.9,,,,21,13,1
2020,5,Cincinnati,South Florida,0,18.6,-11.4,30.0,,,,28,7,1
2020,5,SMU,Memphis,0,9.2,5.7,3.5,,,,30,27,1
2020,5,Boston College,North Carolina,0,0.9,18,-17.1,,,,22,26,0
2020,5,Kansas State,Texas Tech,0,2,-4.2,6.2,,,,31,21,1
2020,5,Alabama,Texas A&M,0,28.3,16.2,12.1,,,,52,24,1
2020,5,Kansas,Oklahoma State,0,-16.3,14.2,-30.5,,,,7,47,0
2020,5,Kentucky,Ole Miss,0,2.2,4.8,-2.6,,,,41,42,0
2020,5,Duke,Virginia Tech,0,-4.2,13.7,-17.9,,,,31,38,0
2020,5,Florida Atlantic,Charlotte,0,-0.3,-6.6,6.3,,,,21,17,1
2020,5,Middle Tennessee,Western Kentucky,0,-11.7,-3.2,-8.5,,,,17,20,0
2020,5,Air Force,Navy,0,-5.6,-9.3,3.7,,,,40,7,1
2020,5,UL Monroe,Georgia Southern,0,-18.4,0.2,-18.6,,,,30,35,0
2020,5,Vanderbilt,LSU,0,-16.8,6,-22.8,,,,7,41,0
2020,5,UCF,Tulsa,0,13.6,5.6,8.0,,,,26,34,0
2020,5,Iowa State,Oklahoma,0,13.3,17.8,-4.5,,,,37,30,1
2020,5,Georgia,Auburn,0,19.1,12.6,6.5,,,,27,6,1
2020,5,North Texas,Southern Miss,0,-8,-7.9,-0.1,,,,31,41,0
2020,5,Mississippi State,Arkansas,0,-1.4,1.6,-3.0,,,,14,21,0
2020,5,Clemson,Virginia,0,26.1,0.9,25.2,,,,41,23,1
2020,6,Houston,Tulane,0,3.3,4.2,-0.9,,,,49,31,1
2020,6,Georgia Tech,Louisville,0,-1,6.5,-7.5,,,,46,27,1
2020,6,Vanderbilt,South Carolina,0,-16.8,-2.4,-14.4,,,,7,41,0
2020,6,Oklahoma,Texas,1,17.8,9.7,8.1,,,,53,45,1
2020,6,Texas A&M,Florida,0,16.2,19.8,-3.6,,,,41,38,1
2020,6,LSU,Missouri,0,6,-1,7,,,,41,45,0
2020,6,Liberty,UL Monroe,0,6.5,-18.4,24.9,,,,40,7,1
2020,6,North Carolina,Virginia Tech,0,18,13.7,4.3,,,,56,45,1
2020,6,Virginia,NC State,0,0.9,0,0.9,,,,21,38,0
2020,6,Syracuse,Duke,0,-9.8,-4.2,-5.6,,,,24,38,0
2020,6,BYU,UTSA,0,19.2,-9.6,28.8,,,,27,20,1
2020,6,Troy,Texas State,0,2.3,-13.4,15.7,,,,37,17,1
2020,6,Iowa State,Texas Tech,0,13.3,-4.2,17.5,,,,31,15,1
2020,6,Georgia,Tennessee,0,19.1,0.9,18.2,,,,44,21,1
2020,6,Florida International,Middle Tennessee,0,-10.7,-11.7,1.0,,,,28,31,0
2020,6,Auburn,Arkansas,0,12.6,1.6,11.0,,,,30,28,1
2020,6,Boston College,Pittsburgh,0,0.9,6,-5.1,,,,31,30,1
2020,6,TCU,Kansas State,0,1.6,2,-0.4,,,,14,21,0
2020,6,Navy,Temple,0,-9.3,-10,0.7,,,,31,29,1
2020,6,South Florida,East Carolina,0,-11.4,-11,-0.4,,,,24,44,0
2020,6,Louisiana Tech,UTEP,0,-7,-18.6,11.6,,,,21,17,1
2020,6,Western Kentucky,Marshall,0,-3.2,9.5,-12.7,,,,14,38,0
2020,6,Ole Miss,Alabama,0,4.8,28.3,-23.5,,,,48,63,0
2020,6,Clemson,Miami,0,26.1,12.8,13.3,,,,42,17,1
2020,6,Notre Dame,Florida State,0,21,-4.9,25.9,,,,42,26,1
2020,6,Kentucky,Mississippi State,0,2.2,-1.4,3.6,,,,24,2,1
2020,6,North Texas,Charlotte,0,-8,-6.6,-1.4,,,,21,49,0
2020,7,Louisiana,Coastal Carolina,0,8.1,6.6,1.5,,,,27,30,0
2020,7,Arkansas State,Georgia State,0,-6.5,-5.7,-0.8,,,,59,52,1
2020,7,Tulane,SMU,0,4.2,9.2,-5.0,,,,34,37,0
2020,7,Houston,BYU,0,3.3,19.2,-15.9,,,,26,43,0
2020,7,West Virginia,Kansas,0,8.5,-16.3,24.8,,,,38,17,1
2020,7,Temple,South Florida,0,-10,-11.4,1.4,,,,39,37,1
2020,7,Georgia Tech,Clemson,0,-1,26.1,-27.1,,,,7,73,0
2020,7,South Alabama,Texas State,0,-11.3,-13.4,2.1,,,,30,20,1
2020,7,Syracuse,Liberty,0,-9.8,6.5,-16.3,,,,21,38,0
2020,7,East Carolina,Navy,0,-11,-9.3,-1.7,,,,23,27,0
2020,7,South Carolina,Auburn,0,-2.4,12.6,-15.0,,,,30,22,1
2020,7,Tennessee,Kentucky,0,0.9,2.2,-1.3,,,,7,34,0
2020,7,Miami,Pittsburgh,0,12.8,6,6.8,,,,31,19,1
2020,7,UTSA,Army,0,-9.6,2.7,-12.3,,,,16,28,0
2020,7,UAB,Western Kentucky,0,6.3,-3.2,9.5,,,,37,14,1
2020,7,Notre Dame,Louisville,0,21,6.5,14.5,,,,12,7,1
2020,7,Memphis,UCF,0,5.7,13.6,-7.9,,,,50,49,1
2020,7,Arkansas,Ole Miss,0,1.6,4.8,-3.2,,,,33,21,1
2020,7,NC State,Duke,0,0,-4.2,4.2,,,,31,20,1
2020,7,Georgia Southern,Massachusetts,0,0.2,-31.3,31.5,,,,41,0,1
2020,7,Wake Forest,Virginia,0,0.8,0.9,-0.1,,,,40,23,1
2020,7,Mississippi State,Texas A&M,0,-1.4,16.2,-17.6,,,,14,28,0
2020,7,Middle Tennessee,North Texas,0,-11.7,-8,-3.7,,,,35,52,0
2020,7,Louisiana Tech,Marshall,0,-7,9.5,-16.5,,,,17,35,0
2020,7,Florida State,North Carolina,0,-4.9,18,-22.9,,,,31,28,1
2020,7,Alabama,Georgia,0,28.3,19.1,9.2,,,,41,24,1
2020,7,Virginia Tech,Boston College,0,13.7,0.9,12.8,,,,40,14,1
2020,8,App State,Arkansas State,0,10.3,-6.5,16.8,,,,45,17,1
2020,8,South Florida,Tulsa,0,-11.4,5.6,-17.0,,,,13,42,0
2020,8,UAB,Louisiana,0,6.3,8.1,-1.8,,,,20,24,0
2020,8,Wisconsin,Illinois,0,26.5,-5.4,31.9,,,,45,7,1
2020,8,North Carolina,NC State,0,18,0,18,,,,48,21,1
2020,8,TCU,Oklahoma,0,1.6,17.8,-16.2,,,,14,33,0
2020,8,Ohio State,Nebraska,0,28.4,7.7,20.7,,,,52,17,1
2020,8,Memphis,Temple,0,5.7,-10,15.7,,,,41,29,1
2020,8,Ole Miss,Auburn,0,4.8,12.6,-7.8,,,,28,35,0
2020,8,Michigan State,Rutgers,0,-2.4,-10.5,8.1,,,,27,38,0
2020,8,Charlotte,UTEP,0,-6.6,-18.6,12.0,,,,38,28,1
2020,8,Louisville,Florida State,0,6.5,-4.9,11.4,,,,48,16,1
2020,8,Clemson,Syracuse,0,26.1,-9.8,35.9,,,,47,21,1
2020,8,Kansas State,Kansas,0,2,-16.3,18.3,,,,55,14,1
2020,8,Coastal Carolina,Georgia Southern,0,6.6,0.2,6.4,,,,28,14,1
2020,8,Liberty,Southern Miss,0,6.5,-7.9,14.4,,,,56,35,1
2020,8,UCF,Tulane,0,13.6,4.2,9.4,,,,51,34,1
2020,8,Marshall,Florida Atlantic,0,9.5,-0.3,9.8,,,,20,9,1
2020,8,Navy,Houston,0,-9.3,3.3,-12.6,,,,21,37,0
2020,8,Texas,Baylor,0,9.7,1.3,8.4,,,,27,16,1
2020,8,Rice,Middle Tennessee,0,-9.2,-11.7,2.5,,,,34,40,0
2020,8,Tennessee,Alabama,0,0.9,28.3,-27.4,,,,17,48,0
2020,8,Oklahoma State,Iowa State,0,14.2,13.3,0.9,,,,24,21,1
2020,8,Wake Forest,Virginia Tech,0,0.8,13.7,-12.9,,,,23,16,1
2020,8,Indiana,Penn State,0,11.2,13.9,-2.7,,,,36,35,1
2020,8,Purdue,Iowa,0,5.9,16.3,-10.4,,,,24,20,1
2020,8,Pittsburgh,Notre Dame,0,6,21,-15,,,,3,45,0
2020,8,Boston College,Georgia Tech,0,0.9,-1,1.9,,,,48,27,1
2020,8,Missouri,Kentucky,0,-1,2.2,-3.2,,,,20,10,1
2020,8,Troy,Georgia State,0,2.3,-5.7,8.0,,,,34,36,0
2020,8,Texas Tech,West Virginia,0,-4.2,8.5,-12.7,,,,34,27,1
2020,8,LSU,South Carolina,0,6,-2.4,8.4,,,,52,24,1
2020,8,South Alabama,UL Monroe,0,-11.3,-18.4,7.1,,,,38,14,1
2020,8,Boise State,Utah State,0,6.7,-16.7,23.4,,,,42,13,1
2020,8,Nevada,Wyoming,0,1.9,-2.5,4.4,,,,37,34,1
2020,8,Minnesota,Michigan,0,4.7,10.7,-6.0,,,,24,49,0
2020,8,Northwestern,Maryland,0,9,-0.1,9.1,,,,43,3,1
2020,8,Fresno State,Hawai'i,0,-5.5,-7.1,1.6,,,,19,34,0
2020,8,Miami,Virginia,0,12.8,0.9,11.9,,,,19,14,1
2020,8,UTSA,Louisiana Tech,0,-9.6,-7,-2.6,,,,27,26,1
2020,8,SMU,Cincinnati,0,9.2,18.6,-9.4,,,,13,42,0
2020,8,BYU,Texas State,0,19.2,-13.4,32.6,,,,52,14,1
2020,8,San José State,Air Force,0,0.1,-5.6,5.7,,,,17,6,1
2020,8,San Diego State,UNLV,0,5.3,-19.7,25.0,,,,34,6,1
2020,9,Georgia Southern,South Alabama,0,0.2,-11.3,11.5,,,,24,17,1
2020,9,Fresno State,Colorado State,0,-5.5,-6.5,1.0,,,,38,17,1
2020,9,Maryland,Minnesota,0,-0.1,4.7,-4.8,,,,45,44,1
2020,9,Tulsa,East Carolina,0,5.6,-11,16.6,,,,34,30,1
2020,9,Wyoming,Hawai'i,0,-2.5,-7.1,4.6,,,,31,7,1
2020,9,Clemson,Boston College,0,26.1,0.9,25.2,,,,34,28,1
2020,9,Syracuse,Wake Forest,0,-9.8,0.8,-10.6,,,,14,38,0
2020,9,Kansas,Iowa State,0,-16.3,13.3,-29.6,,,,22,52,0
2020,9,Georgia State,Coastal Carolina,0,-5.7,6.6,-12.3,,,,0,51,0
2020,9,Illinois,Purdue,0,-5.4,5.9,-11.3,,,,24,31,0
2020,9,Cincinnati,Memphis,0,18.6,5.7,12.9,,,,49,10,1
2020,9,West Virginia,Kansas State,0,8.5,2,6.5,,,,37,10,1
2020,9,Tulane,Temple,0,4.2,-10,14.2,,,,38,3,1
2020,9,Kentucky,Georgia,0,2.2,19.1,-16.9,,,,3,14,0
2020,9,Michigan,Michigan State,0,10.7,-2.4,13.1,,,,24,27,0
2020,9,Florida Atlantic,UTSA,0,-0.3,-9.6,9.3,,,,24,3,1
2020,9,Houston,UCF,0,3.3,13.6,-10.3,,,,21,44,0
2020,9,Arkansas State,Troy,0,-6.5,2.3,-8.8,,,,10,38,0
2020,9,Southern Miss,Rice,0,-7.9,-9.2,1.3,,,,6,30,0
2020,9,Louisiana Tech,UAB,0,-7,6.3,-13.3,,,,37,34,1
2020,9,Baylor,TCU,0,1.3,1.6,-0.3,,,,23,33,0
2020,9,Georgia Tech,Notre Dame,0,-1,21,-22,,,,13,31,0
2020,9,Auburn,LSU,0,12.6,6,6.6,,,,48,11,1
2020,9,Iowa,Northwestern,0,16.3,9,7.3,,,,20,21,0
2020,9,Rutgers,Indiana,0,-10.5,11.2,-21.7,,,,21,37,0
2020,9,Oklahoma State,Texas,0,14.2,9.7,4.5,,,,34,41,0
2020,9,UL Monroe,App State,0,-18.4,10.3,-28.7,,,,13,31,0
2020,9,Vanderbilt,Ole Miss,0,-16.8,4.8,-21.6,,,,21,54,0
2020,9,Louisville,Virginia Tech,0,6.5,13.7,-7.2,,,,35,42,0
2020,9,Air Force,Boise State,0,-5.6,6.7,-12.3,,,,30,49,0
2020,9,New Mexico,San José State,0,-15,0.1,-15.1,,,,21,38,0
2020,9,Duke,Charlotte,0,-4.2,-6.6,2.4,,,,53,19,1
2020,9,Alabama,Mississippi State,0,28.3,-1.4,29.7,,,,41,0,1
2020,9,SMU,Navy,0,9.2,-9.3,18.5,,,,51,37,1
2020,9,Florida,Missouri,0,19.8,-1,20.8,,,,41,17,1
2020,9,Texas A&M,Arkansas,0,16.2,1.6,14.6,,,,42,31,1
2020,9,Penn State,Ohio State,0,13.9,28.4,-14.5,,,,25,38,0
2020,9,Texas Tech,Oklahoma,0,-4.2,17.8,-22.0,,,,28,62,0
2020,9,Texas State,Louisiana,0,-13.4,8.1,-21.5,,,,34,44,0
2020,9,Virginia,North Carolina,0,0.9,18,-17.1,,,,44,41,1
2020,9,Utah State,San Diego State,0,-16.7,5.3,-22.0,,,,7,38,0
2020,9,BYU,Western Kentucky,0,19.2,-3.2,22.4,,,,41,10,1
2020,9,UNLV,Nevada,0,-19.7,1.9,-21.6,,,,19,37,0
2020,10,Akron,Western Michigan,0,-23.7,0.6,-24.3,,,,13,58,0
2020,10,Kent State,Eastern Michigan,0,-7.5,-12.2,4.7,,,,27,23,1
2020,10,Central Michigan,Ohio,0,-1.8,-3.2,1.4,,,,30,27,1
2020,10,Miami (OH),Ball State,0,-12.9,-6.7,-6.2,,,,38,31,1
2020,10,Northern Illinois,Buffalo,0,-18.4,1.4,-19.8,,,,30,49,0
2020,10,Toledo,Bowling Green,0,-3.6,-26.2,22.6,,,,38,3,1
2020,10,Nevada,Utah State,0,1.9,-16.7,18.6,,,,34,9,1
2020,10,Colorado State,Wyoming,0,-6.5,-2.5,-4.0,,,,34,24,1
2020,10,NC State,Miami,0,0,12.8,-12.8,,,,41,44,0
2020,10,San Diego State,San José State,0,5.3,0.1,5.2,,,,17,28,0
2020,10,Boise State,BYU,0,6.7,19.2,-12.5,,,,17,51,0
2020,10,East Carolina,Tulane,0,-11,4.2,-15.2,,,,21,38,0
2020,10,USC,Arizona State,0,12.4,11.4,1.0,,,,28,27,1
2020,10,Northwestern,Nebraska,0,9,7.7,1.3,,,,21,13,1
2020,10,Indiana,Michigan,0,11.2,10.7,0.5,,,,38,21,1
2020,10,Duke,North Carolina,0,-4.2,18,-22.2,,,,24,56,0
2020,10,Temple,SMU,0,-10,9.2,-19.2,,,,23,47,0
2020,10,Louisiana,Arkansas State,0,8.1,-6.5,14.6,,,,27,20,1
2020,10,Memphis,South Florida,0,5.7,-11.4,17.1,,,,34,33,1
2020,10,Virginia Tech,Liberty,0,13.7,6.5,7.2,,,,35,38,0
2020,10,Iowa,Michigan State,0,16.3,-2.4,18.7,,,,49,7,1
2020,10,Georgia State,UL Monroe,0,-5.7,-18.4,12.7,,,,52,34,1
2020,10,Texas,West Virginia,0,9.7,8.5,1.2,,,,17,13,1
2020,10,Georgia Southern,Troy,0,0.2,2.3,-2.1,,,,20,13,1
2020,10,Syracuse,Boston College,0,-9.8,0.9,-10.7,,,,13,16,0
2020,10,Marshall,Massachusetts,0,9.5,-31.3,40.8,,,,51,10,1
2020,10,Texas State,App State,0,-13.4,10.3,-23.7,,,,17,38,0
2020,10,Cincinnati,Houston,0,18.6,3.3,15.3,,,,38,10,1
2020,10,Penn State,Maryland,0,13.9,-0.1,14.0,,,,19,35,0
2020,10,Mississippi State,Vanderbilt,0,-1.4,-16.8,15.4,,,,24,17,1
2020,10,TCU,Texas Tech,0,1.6,-4.2,5.8,,,,34,18,1
2020,10,Illinois,Minnesota,0,-5.4,4.7,-10.1,,,,14,41,0
2020,10,Oklahoma,Kansas,0,17.8,-16.3,34.1,,,,62,9,1
2020,10,UNLV,Fresno State,0,-19.7,-5.5,-14.2,,,,27,40,0
2020,10,Georgia,Florida,1,19.1,19.8,-0.7,,,,28,44,0
2020,10,Kansas State,Oklahoma State,0,2,14.2,-12.2,,,,18,20,0
2020,10,Florida State,Pittsburgh,0,-4.9,6,-10.9,,,,17,41,0
2020,10,Florida Atlantic,Western Kentucky,0,-0.3,-3.2,2.9,,,,10,6,1
2020,10,Colorado,UCLA,0,-0.4,-1.1,0.7,,,,48,42,1
2020,10,Iowa State,Baylor,0,13.3,1.3,12.0,,,,38,31,1
2020,10,South Carolina,Texas A&M,0,-2.4,16.2,-18.6,,,,3,48,0
2020,10,Notre Dame,Clemson,0,21,26.1,-5.1,,,,47,40,1
2020,10,Ohio State,Rutgers,0,28.4,-10.5,38.9,,,,49,27,1
2020,10,Arkansas,Tennessee,0,1.6,0.9,0.7,,,,24,13,1
2020,10,Oregon,Stanford,0,18.1,1.6,16.5,,,,35,14,1
2020,10,Coastal Carolina,South Alabama,0,6.6,-11.3,17.9,,,,23,6,1
2020,10,Oregon State,Washington State,0,-0.7,4.2,-4.9,,,,28,38,0
2020,10,Hawai'i,New Mexico,0,-7.1,-15,7.9,,,,39,33,1
2020,11,Ohio,Akron,0,-3.2,-23.7,20.5,,,,24,10,1
2020,11,Bowling Green,Kent State,0,-26.2,-7.5,-18.7,,,,24,62,0
2020,11,Buffalo,Miami (OH),0,1.4,-12.9,14.3,,,,42,10,1
2020,11,Ball State,Eastern Michigan,0,-6.7,-12.2,5.5,,,,38,31,1
2020,11,Western Michigan,Toledo,0,0.6,-3.6,4.2,,,,41,38,1
2020,11,Northern Illinois,Central Michigan,0,-18.4,-1.8,-16.6,,,,10,40,0
2020,11,Boise State,Colorado State,0,6.7,-6.5,13.2,,,,52,21,1
2020,11,Minnesota,Iowa,0,4.7,16.3,-11.6,,,,7,35,0
2020,11,Florida International,Florida Atlantic,0,-10.7,-0.3,-10.4,,,,19,38,0
2020,11,Cincinnati,East Carolina,0,18.6,-11,29.6,,,,55,17,1
2020,11,Michigan State,Indiana,0,-2.4,11.2,-13.6,,,,0,24,0
2020,11,Virginia Tech,Miami,0,13.7,12.8,0.9,,,,24,25,0
2020,11,Tulane,Army,0,4.2,2.7,1.5,,,,38,12,1
2020,11,Kentucky,Vanderbilt,0,2.2,-16.8,19.0,,,,38,35,1
2020,11,West Virginia,TCU,0,8.5,1.6,6.9,,,,24,6,1
2020,11,Nebraska,Penn State,0,7.7,13.9,-6.2,,,,30,23,1
2020,11,Marshall,Middle Tennessee,0,9.5,-11.7,21.2,,,,42,14,1
2020,11,North Carolina,Wake Forest,0,18,0.8,17.2,,,,59,53,1
2020,11,Rutgers,Illinois,0,-10.5,-5.4,-5.1,,,,20,23,0
2020,11,Louisiana,South Alabama,0,8.1,-11.3,19.4,,,,38,10,1
2020,11,Utah State,Fresno State,0,-16.7,-5.5,-11.2,,,,16,35,0
2020,11,App State,Georgia State,0,10.3,-5.7,16.0,,,,17,13,1
2020,11,UTSA,UTEP,0,-9.6,-18.6,9.0,,,,52,21,1
2020,11,Western Kentucky,Southern Miss,0,-3.2,-7.9,4.7,,,,10,7,1
2020,11,Boston College,Notre Dame,0,0.9,21,-20.1,,,,31,45,0
2020,11,Georgia Southern,Texas State,0,0.2,-13.4,13.6,,,,40,38,1
2020,11,Virginia,Louisville,0,0.9,6.5,-5.6,,,,31,17,1
2020,11,Stanford,Colorado,0,1.6,-0.4,2.0,,,,32,35,0
2020,11,Arizona,USC,0,-3.5,12.4,-15.9,,,,30,34,0
2020,11,Houston,South Florida,0,3.3,-11.4,14.7,,,,56,21,1
2020,11,Texas Tech,Baylor,0,-4.2,1.3,-5.5,,,,24,23,1
2020,11,San Diego State,Hawai'i,0,5.3,-7.1,12.4,,,,34,10,1
2020,11,Purdue,Northwestern,0,5.9,9,-3.1,,,,20,27,0
2020,11,New Mexico,Nevada,0,-15,1.9,-16.9,,,,20,27,0
2020,11,Tulsa,SMU,0,5.6,9.2,-3.6,,,,28,24,1
2020,11,Florida,Arkansas,0,19.8,1.6,18.2,,,,63,35,1
2020,11,Washington State,Oregon,0,4.2,18.1,-13.9,,,,29,43,0
2020,11,Michigan,Wisconsin,0,10.7,26.5,-15.8,,,,11,49,0
2020,11,Ole Miss,South Carolina,0,4.8,-2.4,7.2,,,,59,42,1
2020,11,UCF,Temple,0,13.6,-10,23.6,,,,38,13,1
2020,11,NC State,Florida State,0,0,-4.9,4.9,,,,38,22,1
2020,11,San José State,UNLV,0,0.1,-19.7,19.8,,,,34,17,1
2020,11,Washington,Oregon State,0,11.7,-0.7,12.4,,,,27,21,1
2020,11,UCLA,California,0,-1.1,2.4,-3.5,,,,34,10,1
2020,12,Bowling Green,Buffalo,0,-26.2,1.4,-27.6,,,,17,42,0
2020,12,Kent State,Akron,0,-7.5,-23.7,16.2,,,,69,35,1
2020,12,Ball State,Northern Illinois,0,-6.7,-18.4,11.7,,,,31,25,1
2020,12,Eastern Michigan,Toledo,0,-12.2,-3.6,-8.6,,,,28,45,0
2020,12,Central Michigan,Western Michigan,0,-1.8,0.6,-2.4,,,,44,52,0
2020,12,Tulsa,Tulane,0,5.6,4.2,1.4,,,,30,24,1
2020,12,Louisville,Syracuse,0,6.5,-9.8,16.3,,,,30,0,1
2020,12,Minnesota,Purdue,0,4.7,5.9,-1.2,,,,34,31,1
2020,12,Florida Atlantic,Massachusetts,0,-0.3,-31.3,31.0,,,,24,2,1
2020,12,Air Force,New Mexico,0,-5.6,-15,9.4,,,,28,0,1
2020,12,Vanderbilt,Florida,0,-16.8,19.8,-36.6,,,,17,38,0
2020,12,Temple,East Carolina,0,-10,-11,1,,,,3,28,0
2020,12,Nebraska,Illinois,0,7.7,-5.4,13.1,,,,23,41,0
2020,12,Coastal Carolina,App State,0,6.6,10.3,-3.7,,,,34,23,1
2020,12,Arkansas,LSU,0,1.6,6,-4.4,,,,24,27,0
2020,12,Texas State,Arkansas State,0,-13.4,-6.5,-6.9,,,,47,45,1
2020,12,Army,Georgia Southern,0,2.7,0.2,2.5,,,,28,27,1
2020,12,Ohio State,Indiana,0,28.4,11.2,17.2,,,,42,35,1
2020,12,Western Kentucky,Florida International,0,-3.2,-10.7,7.5,,,,38,21,1
2020,12,North Texas,Rice,0,-8,-9.2,1.2,,,,27,17,1
2020,12,Southern Miss,UTSA,0,-7.9,-9.6,1.7,,,,20,23,0
2020,12,Penn State,Iowa,0,13.9,16.3,-2.4,,,,21,41,0
2020,12,Oregon,UCLA,0,18.1,-1.1,19.2,,,,38,35,1
2020,12,Oregon State,California,0,-0.7,2.4,-3.1,,,,31,27,1
2020,12,Nevada,San Diego State,0,1.9,5.3,-3.4,,,,26,21,1
2020,12,South Alabama,Georgia State,0,-11.3,-5.7,-5.6,,,,14,31,0
2020,12,Northwestern,Wisconsin,0,9,26.5,-17.5,,,,17,7,1
2020,12,UCF,Cincinnati,0,13.6,18.6,-5.0,,,,33,36,0
2020,12,Troy,Middle Tennessee,0,2.3,-11.7,14.0,,,,17,20,0
2020,12,Alabama,Kentucky,0,28.3,2.2,26.1,,,,63,3,1
2020,12,Pittsburgh,Virginia Tech,0,6,13.7,-7.7,,,,47,14,1
2020,12,Iowa State,Kansas State,0,13.3,2,11.3,,,,45,0,1
2020,12,Auburn,Tennessee,0,12.6,0.9,11.7,,,,30,17,1
2020,12,Georgia,Mississippi State,0,19.1,-1.4,20.5,,,,31,24,1
2020,12,NC State,Liberty,0,0,6.5,-6.5,,,,15,14,1
2020,12,Oklahoma,Oklahoma State,0,17.8,14.2,3.6,,,,41,13,1
2020,12,Rutgers,Michigan,0,-10.5,10.7,-21.2,,,,42,48,0
2020,12,South Carolina,Missouri,0,-2.4,-1,-1.4,,,,10,17,0
2020,12,Washington,Arizona,0,11.7,-3.5,15.2,,,,44,27,1
2020,12,Utah,USC,0,11.9,12.4,-0.5,,,,17,33,0
2020,12,Hawai'i,Boise State,0,-7.1,6.7,-13.8,,,,32,40,0
2020,13,Utah State,New Mexico,0,-16.7,-15,-1.7,,,,41,27,1
2020,13,Liberty,Massachusetts,0,6.5,-31.3,37.8,,,,45,0,1
2020,13,Texas,Iowa State,0,9.7,13.3,-3.6,,,,20,23,0
2020,13,Iowa,Nebraska,0,16.3,7.7,8.6,,,,26,20,1
2020,13,South Florida,UCF,0,-11.4,13.6,-25.0,,,,46,58,0
2020,13,North Carolina,Notre Dame,0,18,21,-3,,,,17,31,0
2020,13,UNLV,Wyoming,0,-19.7,-2.5,-17.2,,,,14,45,0
2020,13,Eastern Michigan,Central Michigan,0,-12.2,-1.8,-10.4,,,,23,31,0
2020,13,California,Stanford,0,2.4,1.6,0.8,,,,23,24,0
2020,13,Oregon State,Oregon,0,-0.7,18.1,-18.8,,,,41,38,1
2020,13,Georgia State,Georgia Southern,0,-5.7,0.2,-5.9,,,,30,24,1
2020,13,Oklahoma State,Texas Tech,0,14.2,-4.2,18.4,,,,50,44,1
2020,13,Syracuse,NC State,0,-9.8,0,-9.8,,,,29,36,0
2020,13,East Carolina,SMU,0,-11,9.2,-20.2,,,,52,38,1
2020,13,Missouri,Vanderbilt,0,-1,-16.8,15.8,,,,41,0,1
2020,13,Michigan,Penn State,0,10.7,13.9,-3.2,,,,17,27,0
2020,13,Florida,Kentucky,0,19.8,2.2,17.6,,,,34,10,1
2020,13,Indiana,Maryland,0,11.2,-0.1,11.3,,,,27,11,1
2020,13,Western Michigan,Northern Illinois,0,0.6,-18.4,19.0,,,,30,27,1
2020,13,Ohio,Bowling Green,0,-3.2,-26.2,23.0,,,,52,10,1
2020,13,Buffalo,Kent State,0,1.4,-7.5,8.9,,,,70,41,1
2020,13,Toledo,Ball State,0,-3.6,-6.7,3.1,,,,24,27,0
2020,13,Akron,Miami (OH),0,-23.7,-12.9,-10.8,,,,7,38,0
2020,13,UL Monroe,Louisiana,0,-18.4,8.1,-26.5,,,,20,70,0
2020,13,UTSA,North Texas,0,-9.6,-8,-1.6,,,,49,17,1
2020,13,Texas State,Coastal Carolina,0,-13.4,6.6,-20.0,,,,14,49,0
2020,13,Arkansas State,South Alabama,0,-6.5,-11.3,4.8,,,,31,38,0
2020,13,Clemson,Pittsburgh,0,26.1,6,20.1,,,,52,17,1
2020,13,App State,Troy,0,10.3,2.3,8.0,,,,47,10,1
2020,13,Michigan State,Northwestern,0,-2.4,9,-11.4,,,,29,20,1
2020,13,Alabama,Auburn,0,28.3,12.6,15.7,,,,42,13,1
2020,13,Ole Miss,Mississippi State,0,4.8,-1.4,6.2,,,,31,24,1
2020,13,Boston College,Louisville,0,0.9,6.5,-5.6,,,,34,27,1
2020,13,Purdue,Rutgers,0,5.9,-10.5,16.4,,,,30,37,0
2020,13,Colorado,San Diego State,0,-0.4,5.3,-5.7,,,,20,10,1
2020,13,Navy,Memphis,0,-9.3,5.7,-15.0,,,,7,10,0
2020,13,Georgia Tech,Duke,0,-1,-4.2,3.2,,,,56,33,1
2020,13,Baylor,Kansas State,0,1.3,2,-0.7,,,,32,31,1
2020,13,Texas A&M,LSU,0,16.2,6,10.2,,,,20,7,1
2020,13,South Carolina,Georgia,0,-2.4,19.1,-21.5,,,,16,45,0
2020,13,Washington,Utah,0,11.7,11.9,-0.2,,,,24,21,1
2020,13,Kansas,TCU,0,-16.3,1.6,-17.9,,,,23,59,0
2020,13,UCLA,Arizona,0,-1.1,-3.5,2.4,,,,27,10,1
2020,13,Hawai'i,Nevada,0,-7.1,1.9,-9.0,,,,24,21,1
2020,14,North Texas,Louisiana Tech,0,-8,-7,-1,,,,31,42,0
2020,14,Utah State,Air Force,0,-16.7,-5.6,-11.1,,,,7,35,0
2020,14,App State,Louisiana,0,10.3,8.1,2.2,,,,21,24,0
2020,14,Missouri,Arkansas,0,-1,1.6,-2.6,,,,50,48,1
2020,14,Michigan State,Ohio State,0,-2.4,28.4,-30.8,,,,12,52,0
2020,14,Rutgers,Penn State,0,-10.5,13.9,-24.4,,,,7,23,0
2020,14,Marshall,Rice,0,9.5,-9.2,18.7,,,,0,20,0
2020,14,Northern Illinois,Toledo,0,-18.4,-3.6,-14.8,,,,24,41,0
2020,14,Purdue,Nebraska,0,5.9,7.7,-1.8,,,,27,37,0
2020,14,TCU,Oklahoma State,0,1.6,14.2,-12.6,,,,29,22,1
2020,14,Texas Tech,Kansas,0,-4.2,-16.3,12.1,,,,16,13,1
2020,14,Tulane,Memphis,0,4.2,5.7,-1.5,,,,35,21,1
2020,14,Kansas State,Texas,0,2,9.7,-7.7,,,,31,69,0
2020,14,Auburn,Texas A&M,0,12.6,16.2,-3.6,,,,20,31,0
2020,14,Akron,Bowling Green,0,-23.7,-26.2,2.5,,,,31,3,1
2020,14,South Alabama,Troy,0,-11.3,2.3,-13.6,,,,0,29,0
2020,14,Western Michigan,Eastern Michigan,0,0.6,-12.2,12.8,,,,42,53,0
2020,14,Central Michigan,Ball State,0,-1.8,-6.7,4.9,,,,20,45,0
2020,14,Notre Dame,Syracuse,0,21,-9.8,30.8,,,,45,21,1
2020,14,Arkansas State,UL Monroe,0,-6.5,-18.4,11.9,,,,48,15,1
2020,14,Navy,Tulsa,0,-9.3,5.6,-14.9,,,,6,19,0
2020,14,Tennessee,Florida,0,0.9,19.8,-18.9,,,,19,31,0
2020,14,Illinois,Iowa,0,-5.4,16.3,-21.7,,,,21,35,0
2020,14,Wisconsin,Indiana,0,26.5,11.2,15.3,,,,6,14,0
2020,14,Virginia,Boston College,0,0.9,0.9,0.0,,,,43,32,1
2020,14,Iowa State,West Virginia,0,13.3,8.5,4.8,,,,42,6,1
2020,14,NC State,Georgia Tech,0,0,-1,1,,,,23,13,1
2020,14,Washington,Stanford,0,11.7,1.6,10.1,,,,26,31,0
2020,14,Coastal Carolina,BYU,0,6.6,19.2,-12.6,,,,22,17,1
2020,14,San José State,Hawai'i,0,0.1,-7.1,7.2,,,,35,24,1
2020,14,Georgia Southern,Florida Atlantic,0,0.2,-0.3,0.5,,,,20,3,1
2020,14,Arizona,Colorado,0,-3.5,-0.4,-3.1,,,,13,24,0
2020,14,California,Oregon,0,2.4,18.1,-15.7,,,,21,17,1
2020,14,San Diego State,Colorado State,0,5.3,-6.5,11.8,,,,29,17,1
2020,14,Virginia Tech,Clemson,0,13.7,26.1,-12.4,,,,10,45,0
2020,14,Kentucky,South Carolina,0,2.2,-2.4,4.6,,,,41,18,1
2020,14,Oklahoma,Baylor,0,17.8,1.3,16.5,,,,27,14,1
2020,14,LSU,Alabama,0,6,28.3,-22.3,,,,17,55,0
2020,14,Duke,Miami,0,-4.2,12.8,-17.0,,,,0,48,0
2020,14,Nevada,Fresno State,0,1.9,-5.5,7.4,,,,37,26,1
2020,14,Arizona State,UCLA,0,11.4,-1.1,12.5,,,,18,25,0
2020,14,Utah,Oregon State,0,11.9,-0.7,12.6,,,,30,24,1
2020,14,New Mexico,Wyoming,0,-15,-2.5,-12.5,,,,17,16,1
2020,14,Charlotte,Western Kentucky,0,-6.6,-3.2,-3.4,,,,19,37,0
2020,14,USC,Washington State,0,12.4,4.2,8.2,,,,38,13,1
2020,15,Southern Miss,Florida Atlantic,0,-7.9,-0.3,-7.6,,,,45,31,1
2020,15,Georgia Tech,Pittsburgh,0,-1,6,-7,,,,20,34,0
2020,15,UTEP,North Texas,0,-18.6,-8,-10.6,,,,43,45,0
2020,15,Arizona,Arizona State,0,-3.5,11.4,-14.9,,,,7,70,0
2020,15,San José State,Nevada,0,0.1,1.9,-1.8,,,,30,20,1
2020,15,Nebraska,Minnesota,0,7.7,4.7,3.0,,,,17,24,0
2020,15,Northwestern,Illinois,0,9,-5.4,14.4,,,,28,10,1
2020,15,Missouri,Georgia,0,-1,19.1,-20.1,,,,14,49,0
2020,15,Maryland,Rutgers,0,-0.1,-10.5,10.4,,,,24,27,0
2020,15,Colorado,Utah,0,-0.4,11.9,-12.3,,,,21,38,0
2020,15,Ball State,Western Michigan,0,-6.7,0.6,-7.3,,,,30,27,1
2020,15,Penn State,Michigan State,0,13.9,-2.4,16.3,,,,39,24,1
2020,15,Arkansas,Alabama,0,1.6,28.3,-26.7,,,,3,52,0
2020,15,Eastern Michigan,Northern Illinois,0,-12.2,-18.4,6.2,,,,41,33,1
2020,15,Louisville,Wake Forest,0,6.5,0.8,5.7,,,,45,21,1
2020,15,Rice,UAB,0,-9.2,6.3,-15.5,,,,16,21,0
2020,15,Buffalo,Akron,0,1.4,-23.7,25.1,,,,56,7,1
2020,15,Toledo,Central Michigan,0,-3.6,-1.8,-1.8,,,,24,23,1
2020,15,Army,Navy,1,2.7,-9.3,12.0,,,,15,0,1
2020,15,Troy,Coastal Carolina,0,2.3,6.6,-4.3,,,,38,42,0
2020,15,Baylor,Oklahoma State,0,1.3,14.2,-12.9,,,,3,42,0
2020,15,Iowa,Wisconsin,0,16.3,26.5,-10.2,,,,28,7,1
2020,15,Miami,North Carolina,0,12.8,18,-5.2,,,,26,62,0
2020,15,Memphis,Houston,0,5.7,3.3,2.4,,,,30,27,1
2020,15,Florida State,Duke,0,-4.9,-4.2,-0.7,,,,56,35,1
2020,15,Vanderbilt,Tennessee,0,-16.8,0.9,-17.7,,,,17,42,0
2020,15,Wyoming,Boise State,0,-2.5,6.7,-9.2,,,,9,17,0
2020,15,Georgia Southern,App State,0,0.2,10.3,-10.1,,,,26,34,0
2020,15,TCU,Louisiana Tech,0,1.6,-7,8.6,,,,52,10,1
2020,15,Florida,LSU,0,19.8,6,13.8,,,,34,37,0
2020,15,UCLA,USC,0,-1.1,12.4,-13.5,,,,38,43,0
2020,15,Mississippi State,Auburn,0,-1.4,12.6,-14.0,,,,10,24,0
2020,15,Virginia Tech,Virginia,0,13.7,0.9,12.8,,,,33,15,1
2020,15,Oregon State,Stanford,0,-0.7,1.6,-2.3,,,,24,27,0
2020,15,BYU,San Diego State,0,19.2,5.3,13.9,,,,28,14,1
2020,15,New Mexico,Fresno State,0,-15,-5.5,-9.5,,,,49,39,1
2020,15,Hawai'i,UNLV,0,-7.1,-19.7,12.6,,,,38,21,1
2020,16,Marshall,UAB,0,9.5,6.3,3.2,,,,13,22,0
2020,16,Rutgers,Nebraska,0,-10.5,7.7,-18.2,,,,21,28,0
2020,16,Buffalo,Ball State,1,1.4,-6.7,8.1,,,,28,38,0
2020,16,USC,Oregon,0,12.4,18.1,-5.7,,,,24,31,0
2020,16,Ohio State,Northwestern,1,28.4,9,19.4,,,,22,10,1
2020,16,Iowa State,Oklahoma,1,13.3,17.8,-4.5,,,,21,27,0
2020,16,Tennessee,Texas A&M,0,0.9,16.2,-15.3,,,,13,34,0
2020,16,Utah,Washington State,0,11.9,4.2,7.7,,,,45,28,1
2020,16,Army,Air Force,0,2.7,-5.6,8.3,,,,10,7,1
2020,16,LSU,Ole Miss,0,6,4.8,1.2,,,,53,48,1
2020,16,Mississippi State,Missouri,0,-1.4,-1,-0.4,,,,51,32,1
2020,16,Wisconsin,Minnesota,0,26.5,4.7,21.8,,,,20,17,1
2020,16,Notre Dame,Clemson,1,21,26.1,-5.1,,,,10,34,0
2020,16,San José State,Boise State,1,0.1,6.7,-6.6,,,,34,20,1
2020,16,Penn State,Illinois,0,13.9,-5.4,19.3,,,,56,21,1
2020,16,UCLA,Stanford,0,-1.1,1.6,-2.7,,,,47,48,0
2020,16,Florida,Alabama,1,19.8,28.3,-8.5,,,,46,52,0
2020,16,Cincinnati,Tulsa,0,18.6,5.6,13.0,,,,27,24,1
2020,16,Oregon State,Arizona State,0,-0.7,11.4,-12.1,,,,33,46,0
2021,1,Illinois,Nebraska,0,4.3,10.3,-6.0,8.5,220,-270,30,22,1
2021,1,Fresno State,UConn,0,10.8,-25.6,36.4,-27.5,-5000,1275,45,0,1
2021,1,UCLA,Hawai'i,0,9.4,-2.3,11.7,-14,-900,550,44,10,1
2021,1,New Mexico State,UTEP,0,-24.2,-4.2,-20.0,8,280,-360,3,30,0
2021,1,UCF,Boise State,0,4.8,9.4,-4.6,-4,-225,185,36,31,1
2021,1,App State,East Carolina,0,10.3,0.5,9.8,-13,-420,310,33,19,1
2021,1,NC State,South Florida,0,16.1,-12.1,28.2,-16.5,-1100,650,45,0,1
2021,1,Minnesota,Ohio State,0,14.4,29.3,-14.9,14,385,-570,31,45,0
2021,1,Tennessee,Bowling Green,0,17.5,-12.4,29.9,-30.5,,,38,6,1
2021,1,Virginia Tech,North Carolina,0,2.4,6.4,-4.0,5.5,180,-220,17,10,1
2021,1,Wake Forest,Old Dominion,0,10.1,-7.4,17.5,-32,,,42,10,1
2021,1,Charlotte,Duke,0,-13.7,-13.5,-0.2,7.5,215,-260,31,28,1
2021,1,Northwestern,Michigan State,0,-11.1,11.2,-22.3,-7,-170,150,21,38,0
2021,1,Oklahoma,Tulane,0,16.8,-3.9,20.7,-22,,,40,35,1
2021,1,Rutgers,Temple,0,-3,-19.1,16.1,-13,-700,450,61,14,1
2021,1,Kansas State,Stanford,1,14.2,-10.2,24.4,0,-160,140,24,7,1
2021,1,Michigan,Western Michigan,0,23.4,0.6,22.8,-16.5,-1000,600,47,14,1
2021,1,Georgia State,Army,0,1.8,4.7,-2.9,-3,-130,110,10,43,0
2021,1,Kentucky,UL Monroe,0,13.4,-20.3,33.7,-28.5,,,45,10,1
2021,1,Wisconsin,Penn State,0,20.1,14.3,5.8,-4,-210,175,10,16,0
2021,1,Oregon,Fresno State,0,10.2,10.8,-0.6,-20.5,-1500,775,31,24,1
2021,1,Arkansas,Rice,0,13.8,-22.9,36.7,-21.5,-1300,725,38,17,1
2021,1,Iowa,Indiana,0,11.4,-7.8,19.2,-4,-180,160,34,6,1
2021,1,Navy,Marshall,0,-8.5,8,-16.5,2.5,120,-140,7,49,0
2021,1,Maryland,West Virginia,0,6.2,1.8,4.4,4,120,-140,30,24,1
2021,1,Miami,Alabama,1,10.8,26,-15.2,18.5,700,-1200,13,44,0
2021,1,Cincinnati,Miami (OH),0,21.2,1.5,19.7,-21.5,-2100,975,49,14,1
2021,1,Missouri,Central Michigan,0,3.1,-1,4.1,-11,-650,425,34,24,1
2021,1,Pittsburgh,Massachusetts,0,17.6,-29.3,46.9,-35.5,,,51,7,1
2021,1,Mississippi State,Louisiana Tech,0,10.5,-11.6,22.1,-27.5,-2300,1025,35,34,1
2021,1,Texas,Louisiana,0,8.5,8.7,-0.2,-12,-340,270,38,18,1
2021,1,USC,San José State,0,-0.6,-1.9,1.3,-16.5,-700,450,30,7,1
2021,1,Houston,Texas Tech,1,10.9,9.8,1.1,4,-120,-105,21,38,0
2021,1,Ohio,Syracuse,0,-11.6,0.3,-11.9,0,-130,110,9,29,0
2021,1,Auburn,Akron,0,11,-23.1,34.1,-35.5,,,60,10,1
2021,1,Texas State,Baylor,0,-16,15.6,-31.6,12,400,-600,20,29,0
2021,1,Purdue,Oregon State,0,10.3,8.9,1.4,-7,-280,230,30,21,1
2021,1,Illinois,UTSA,0,4.3,6.5,-2.2,-6,-200,170,30,37,0
2021,1,Georgia Tech,Northern Illinois,0,-6.7,-7.1,0.4,-15.5,-1200,700,21,22,0
2021,1,Clemson,Georgia,1,18.7,32,-13.3,-4.5,-145,125,3,10,0
2021,1,Florida,Florida Atlantic,0,11,-5.2,16.2,-25.5,-2300,1025,35,14,1
2021,1,Texas A&M,Kent State,0,21.1,-6.4,27.5,-28.5,,,41,10,1
2021,1,South Alabama,Southern Miss,0,-7.2,-14.2,7.0,2.5,-125,105,31,7,1
2021,1,UCLA,LSU,0,9.4,4.1,5.3,4,125,-145,38,27,1
2021,1,California,Nevada,0,3.4,3.6,-0.2,-3.5,-170,150,17,22,0
2021,1,San Diego State,New Mexico State,0,8.3,-24.2,32.5,-28.5,,,28,10,1
2021,1,Arizona,BYU,1,-12.6,8.9,-21.5,10,350,-500,16,24,0
2021,1,Washington State,Utah State,0,6.7,0.1,6.6,-15.5,-1000,600,23,26,0
2021,1,Florida State,Notre Dame,0,7.6,17.4,-9.8,10.5,240,-290,38,41,0
2021,1,Ole Miss,Louisville,1,14.8,7.8,7.0,-7.5,-400,300,43,24,1
2021,2,Coastal Carolina,Kansas,0,13.2,-19.7,32.9,-27,-4500,1250,49,22,1
2021,2,Boise State,UTEP,0,9.4,-4.2,13.6,-27,-4500,1250,54,13,1
2021,2,Virginia,Illinois,0,7.2,4.3,2.9,-10.5,-430,320,42,14,1
2021,2,Army,Western Kentucky,0,4.7,13.3,-8.6,-5,-230,190,38,35,1
2021,2,Minnesota,Miami (OH),0,14.4,1.5,12.9,-21,-1300,725,31,26,1
2021,2,Oklahoma State,Tulsa,0,17.2,5.8,11.4,-12.5,-500,360,28,23,1
2021,2,East Carolina,South Carolina,0,0.5,3.9,-3.4,-2,115,-135,17,20,0
2021,2,Tennessee,Pittsburgh,0,17.5,17.6,-0.1,2.5,140,-165,34,41,0
2021,2,Ohio State,Oregon,0,29.3,10.2,19.1,-14,-700,450,28,35,0
2021,2,South Florida,Florida,0,-12.1,11,-23.1,29,,,20,42,0
2021,2,Northern Illinois,Wyoming,0,-7.1,0.6,-7.7,5.5,210,-250,43,50,0
2021,2,Syracuse,Rutgers,0,0.3,-3,3.3,2,110,-130,7,17,0
2021,2,Virginia Tech,Middle Tennessee,0,2.4,-4,6.4,-20,-1300,725,35,14,1
2021,2,Notre Dame,Toledo,0,17.4,6.9,10.5,-18.5,-900,550,32,29,1
2021,2,UConn,Purdue,0,-25.6,10.3,-35.9,33.5,,,0,49,0
2021,2,Akron,Temple,0,-23.1,-19.1,-4.0,7,210,-250,24,45,0
2021,2,Georgia,UAB,0,32,9.1,22.9,-27,-2300,1025,56,7,1
2021,2,Navy,Air Force,0,-8.5,7.4,-15.9,6.5,195,-235,3,23,0
2021,2,Colorado,Texas A&M,1,-10,21.1,-31.1,17,550,-900,7,10,0
2021,2,TCU,California,0,-0.6,3.4,-4.0,-9.5,-450,325,34,32,1
2021,2,Massachusetts,Boston College,0,-29.3,0.9,-30.2,37,,,28,45,0
2021,2,Penn State,Ball State,0,14.3,-11.2,25.5,-22.5,-2000,950,44,13,1
2021,2,Nebraska,Buffalo,0,10.3,-9.5,19.8,-12,-605,420,28,3,1
2021,2,Florida Atlantic,Georgia Southern,0,-5.2,-15.3,10.1,-7,-275,225,38,6,1
2021,2,Bowling Green,South Alabama,0,-12.4,-7.2,-5.2,15.5,430,-625,19,22,0
2021,2,Iowa State,Iowa,0,14.3,11.4,2.9,-3.5,-185,160,17,27,0
2021,2,Rice,Houston,0,-22.9,10.9,-33.8,9,260,-320,7,44,0
2021,2,Arkansas,Texas,0,13.8,8.5,5.3,6,215,-260,40,21,1
2021,2,Mississippi State,NC State,0,10.5,16.1,-5.6,2,125,-120,24,10,1
2021,2,Arkansas State,Memphis,0,-17.9,1,-18.9,5.5,175,-210,50,55,0
2021,2,Troy,Liberty,0,-6.5,8.4,-14.9,5.5,160,-185,13,21,0
2021,2,SMU,North Texas,0,8.9,-6.5,15.4,-21.5,-1900,900,35,12,1
2021,2,New Mexico,New Mexico State,0,-18.6,-24.2,5.6,-18.5,-1200,700,34,25,1
2021,2,Florida International,Texas State,0,-21.6,-16,-5.6,-1,-130,110,17,23,0
2021,2,Miami,App State,0,10.8,10.3,0.5,-8,-330,265,25,23,1
2021,2,Wisconsin,Eastern Michigan,0,20.1,-7.8,27.9,-24.5,-4100,1225,34,7,1
2021,2,North Carolina,Georgia State,0,6.4,1.8,4.6,-25.5,-3500,1175,59,17,1
2021,2,Kentucky,Missouri,0,13.4,3.1,10.3,-6,-210,175,35,28,1
2021,2,Michigan,Washington,0,23.4,-0.7,24.1,-6,-270,220,31,10,1
2021,2,Colorado State,Vanderbilt,0,-2.4,-19.4,17.0,-5.5,-270,220,21,24,0
2021,2,Arizona,San Diego State,0,-12.6,8.3,-20.9,0,-130,110,14,38,0
2021,2,BYU,Utah,0,8.9,15.2,-6.3,7,230,-280,26,17,1
2021,2,USC,Stanford,0,-0.6,-10.2,9.6,-17.5,-1000,600,28,42,0
2021,2,Arizona State,UNLV,0,11.8,-13.8,25.6,-33.5,,,37,10,1
2021,2,Oregon State,Hawai'i,0,8.9,-2.3,11.2,-11,-450,325,45,27,1
2021,3,Louisiana,Ohio,0,8.7,-11.6,20.3,-20,-1600,800,49,14,1
2021,3,Louisville,UCF,0,7.8,4.8,3.0,7.5,210,-250,42,35,1
2021,3,Illinois,Maryland,0,4.3,6.2,-1.9,7.5,230,-280,17,20,0
2021,3,Indiana,Cincinnati,0,-7.8,21.2,-29.0,3,150,-175,24,38,0
2021,3,Miami,Michigan State,0,10.8,11.2,-0.4,-6.5,-240,200,17,38,0
2021,3,Texas A&M,New Mexico,0,21.1,-18.6,39.7,-28,-6500,1325,34,0,1
2021,3,Pittsburgh,Western Michigan,0,17.6,0.6,17.0,-15,-655,445,41,44,0
2021,3,Temple,Boston College,0,-19.1,0.9,-20.0,16.5,475,-700,3,28,0
2021,3,Army,UConn,0,4.7,-25.6,30.3,-33,,,52,21,1
2021,3,Michigan,Northern Illinois,0,23.4,-7.1,30.5,-27,-5500,1300,63,10,1
2021,3,Oklahoma,Nebraska,0,16.8,10.3,6.5,-22,-2000,950,23,16,1
2021,3,West Virginia,Virginia Tech,0,1.8,2.4,-0.6,-3,-130,110,27,21,1
2021,3,Buffalo,Coastal Carolina,0,-9.5,13.2,-22.7,10.5,430,-625,25,28,0
2021,3,Colorado,Minnesota,0,-10,14.4,-24.4,-1.5,-140,120,0,30,0
2021,3,Kansas State,Nevada,0,14.2,3.6,10.6,2.5,110,-120,38,17,1
2021,3,Notre Dame,Purdue,0,17.4,10.3,7.1,-7,-280,230,27,13,1
2021,3,Washington State,USC,0,6.7,-0.6,7.3,9,250,-300,14,45,0
2021,3,Clemson,Georgia Tech,0,18.7,-6.7,25.4,-29,-6500,1325,14,8,1
2021,3,Kansas,Baylor,0,-19.7,15.6,-35.3,17,650,-1100,7,45,0
2021,3,Louisiana Tech,SMU,0,-11.6,8.9,-20.5,13.5,325,-435,37,39,0
2021,3,Massachusetts,Eastern Michigan,0,-29.3,-7.8,-21.5,18,900,-1900,28,42,0
2021,3,Iowa,Kent State,0,11.4,-6.4,17.8,-22,-2000,950,30,7,1
2021,3,Ohio State,Tulsa,0,29.3,5.8,23.5,-25,-3500,1175,41,20,1
2021,3,Wake Forest,Florida State,0,10.1,7.6,2.5,-6.5,-195,165,35,14,1
2021,3,Florida,Alabama,0,11,26,-15,15.5,450,-665,29,31,0
2021,3,Memphis,Mississippi State,0,1,10.5,-9.5,3,150,-175,31,29,1
2021,3,Wyoming,Ball State,0,0.6,-11.2,11.8,-6,-250,210,45,12,1
2021,3,Duke,Northwestern,0,-13.5,-11.1,-2.4,3,115,-135,30,23,1
2021,3,Toledo,Colorado State,0,6.9,-2.4,9.3,-14,-700,475,6,22,0
2021,3,Arkansas,Georgia Southern,0,13.8,-15.3,29.1,-23,-2500,1050,45,10,1
2021,3,Washington,Arkansas State,0,-0.7,-17.9,17.2,-16.5,-900,575,52,3,1
2021,3,Liberty,Old Dominion,0,8.4,-7.4,15.8,-26,-5000,1275,45,17,1
2021,3,Marshall,East Carolina,0,8,0.5,7.5,-9.5,-380,290,38,42,0
2021,3,UTSA,Middle Tennessee,0,6.5,-4,10.5,-13,-530,380,27,13,1
2021,3,Georgia State,Charlotte,0,1.8,-13.7,15.5,-2.5,-195,165,20,9,1
2021,3,Georgia,South Carolina,0,32,3.9,28.1,-30.5,,,40,13,1
2021,3,Texas Tech,Florida International,0,9.8,-21.6,31.4,-21,-1500,775,54,21,1
2021,3,Southern Miss,Troy,0,-14.2,-6.5,-7.7,8,315,-420,9,21,0
2021,3,San Diego State,Utah,0,8.3,15.2,-6.9,7,275,-350,33,31,1
2021,3,Penn State,Auburn,0,14.3,11,3.3,-6.5,-195,165,28,20,1
2021,3,North Carolina,Virginia,0,6.4,7.2,-0.8,-9,-310,255,59,39,1
2021,3,Air Force,Utah State,0,7.4,0.1,7.3,-9,-360,280,45,49,0
2021,3,North Texas,UAB,0,-6.5,9.1,-15.6,13.5,360,-500,6,40,0
2021,3,LSU,Central Michigan,0,4.1,-1,5.1,-20.5,-1300,725,49,21,1
2021,3,Ole Miss,Tulane,0,14.8,-3.9,18.7,-14,-645,440,61,21,1
2021,3,Vanderbilt,Stanford,0,-19.4,-10.2,-9.2,11,345,-470,23,41,0
2021,3,Texas,Rice,0,8.5,-22.9,31.4,-25,-3200,1150,58,0,1
2021,3,Boise State,Oklahoma State,0,9.4,17.2,-7.8,-4,-165,140,20,21,0
2021,3,BYU,Arizona State,0,8.9,11.8,-2.9,2.5,145,-170,27,17,1
2021,3,UNLV,Iowa State,0,-13.8,14.3,-28.1,30.5,,,3,48,0
2021,3,UCLA,Fresno State,0,9.4,10.8,-1.4,-10,-435,325,37,40,0
2021,3,Hawai'i,San José State,0,-2.3,-1.9,-0.4,7,215,-260,13,17,0
2021,4,App State,Marshall,0,10.3,8,2.3,-7,-340,270,31,30,1
2021,4,Charlotte,Middle Tennessee,0,-13.7,-4,-9.7,-2.5,-150,130,42,39,1
2021,4,Virginia,Wake Forest,0,7.2,10.1,-2.9,-4,-175,150,17,37,0
2021,4,Syracuse,Liberty,0,0.3,8.4,-8.1,6.5,210,-250,24,21,1
2021,4,Fresno State,UNLV,0,10.8,-13.8,24.6,-31,,,38,30,1
2021,4,Utah State,Boise State,0,0.1,9.4,-9.3,9,280,-360,3,27,0
2021,4,Central Michigan,Florida International,0,-1,-21.6,20.6,-11.5,-470,345,31,27,1
2021,4,Minnesota,Bowling Green,0,14.4,-12.4,26.8,-31,,,10,14,0
2021,4,Mississippi State,LSU,0,10.5,4.1,6.4,3,105,-125,25,28,0
2021,4,Wisconsin,Notre Dame,1,20.1,17.4,2.7,-5.5,-225,185,13,41,0
2021,4,TCU,SMU,0,-0.6,8.9,-9.5,-10,-380,290,34,42,0
2021,4,Army,Miami (OH),0,4.7,1.5,3.2,-7.5,-320,260,23,10,1
2021,4,Northwestern,Ohio,0,-11.1,-11.6,0.5,-15,-665,450,35,6,1
2021,4,Boston College,Missouri,0,0.9,3.1,-2.2,2,-105,-115,41,34,1
2021,4,Texas,Texas Tech,0,8.5,9.8,-1.3,-10,-370,285,70,35,1
2021,4,Vanderbilt,Georgia,0,-19.4,32,-51.4,34,,,0,62,0
2021,4,Coastal Carolina,Massachusetts,0,13.2,-29.3,42.5,-35.5,,,53,3,1
2021,4,Eastern Michigan,Texas State,0,-7.8,-16,8.2,-6,-240,200,59,21,1
2021,4,Western Michigan,San José State,0,0.6,-1.9,2.5,-2.5,-140,120,23,3,1
2021,4,Ball State,Toledo,0,-11.2,6.9,-18.1,4,170,-200,12,22,0
2021,4,Utah,Washington State,0,15.2,6.7,8.5,-14,-700,475,24,13,1
2021,4,Michigan,Rutgers,0,23.4,-3,26.4,-18.5,-1300,725,20,13,1
2021,4,Florida State,Louisville,0,7.6,7.8,-0.2,2.5,120,-120,23,31,0
2021,4,Baylor,Iowa State,0,15.6,14.3,1.3,6.5,215,-260,31,29,1
2021,4,Maryland,Kent State,0,6.2,-6.4,12.6,-14.5,-635,435,37,16,1
2021,4,Purdue,Illinois,0,10.3,4.3,6.0,-11,-455,335,13,9,1
2021,4,UConn,Wyoming,0,-25.6,0.6,-26.2,30,,,22,24,0
2021,4,Arkansas,Texas A&M,1,13.8,21.1,-7.3,5.5,165,-195,20,10,1
2021,4,NC State,Clemson,0,16.1,18.7,-2.6,10,290,-380,27,21,1
2021,4,Memphis,UTSA,0,1,6.5,-5.5,-3.5,-150,130,28,31,0
2021,4,Iowa,Colorado State,0,11.4,-2.4,13.8,-22.5,-2500,1050,24,14,1
2021,4,Duke,Kansas,0,-13.5,-19.7,6.2,-15,-750,500,52,33,1
2021,4,Auburn,Georgia State,0,11,1.8,9.2,-27,-5000,1275,34,24,1
2021,4,Tulsa,Arkansas State,0,5.8,-17.9,23.7,-14,-665,450,41,34,1
2021,4,Georgia Southern,Louisiana,0,-15.3,8.7,-24.0,13.5,445,-655,20,28,0
2021,4,Old Dominion,Buffalo,0,-7.4,-9.5,2.1,12.5,390,-545,34,35,0
2021,4,Stanford,UCLA,0,-10.2,9.4,-19.6,3.5,160,-185,24,35,0
2021,4,Louisiana Tech,North Texas,0,-11.6,-6.5,-5.1,-12.5,-460,340,24,17,1
2021,4,Florida,Tennessee,0,11,17.5,-6.5,-20,-1300,725,38,14,1
2021,4,Oklahoma State,Kansas State,0,17.2,14.2,3.0,-7.5,-210,175,31,20,1
2021,4,Michigan State,Nebraska,0,11.2,10.3,0.9,-4,-200,170,23,20,1
2021,4,South Carolina,Kentucky,0,3.9,13.4,-9.5,6,170,-200,10,16,0
2021,4,Houston,Navy,0,10.9,-8.5,19.4,-20,-1300,725,28,20,1
2021,4,Ohio State,Akron,0,29.3,-23.1,52.4,-50,,,59,7,1
2021,4,Oklahoma,West Virginia,0,16.8,1.8,15.0,-15,-900,575,16,13,1
2021,4,Alabama,Southern Miss,0,26,-14.2,40.2,-45,,,63,14,1
2021,4,Georgia Tech,North Carolina,1,-6.7,6.4,-13.1,12,395,-555,45,22,1
2021,4,Tulane,UAB,0,-3.9,9.1,-13.0,-4,-160,135,21,28,0
2021,4,Air Force,Florida Atlantic,0,7.4,-5.2,12.6,-5,-180,155,31,7,1
2021,4,Western Kentucky,Indiana,0,13.3,-7.8,21.1,9.5,280,-360,31,33,0
2021,4,UL Monroe,Troy,0,-20.3,-6.5,-13.8,23,1050,-2500,29,16,1
2021,4,New Mexico State,Hawai'i,0,-24.2,-2.3,-21.9,17,575,-900,21,41,0
2021,4,UTEP,New Mexico,0,-4.2,-18.6,14.4,-1.5,110,-130,20,13,1
2021,4,Washington,California,0,-0.7,3.4,-4.1,-7.5,-320,260,31,24,1
2021,4,BYU,South Florida,0,8.9,-12.1,21.0,-23.5,-2300,1025,35,27,1
2021,4,USC,Oregon State,0,-0.6,8.9,-9.5,-12.5,-460,340,27,45,0
2021,4,Arizona State,Colorado,0,11.8,-10,21.8,-14,-655,445,35,13,1
2021,4,Oregon,Arizona,0,10.2,-12.6,22.8,-28,-6500,1325,41,19,1
2021,5,Miami,Virginia,0,10.8,7.2,3.6,-3,-160,135,28,30,0
2021,5,Tulsa,Houston,0,5.8,10.9,-5.1,-3.5,-170,145,10,45,0
2021,5,Maryland,Iowa,0,6.2,11.4,-5.2,4,140,-165,14,51,0
2021,5,Utah State,BYU,0,0.1,8.9,-8.8,8.5,310,-415,20,34,0
2021,5,Illinois,Charlotte,0,4.3,-13.7,18.0,-9.5,-415,310,24,14,1
2021,5,Missouri,Tennessee,0,3.1,17.5,-14.4,-3,-140,120,24,62,0
2021,5,Massachusetts,Toledo,0,-29.3,6.9,-36.2,26.5,,,7,45,0
2021,5,Wisconsin,Michigan,0,20.1,23.4,-3.3,1,-125,105,17,38,0
2021,5,Buffalo,Western Michigan,0,-9.5,0.6,-10.1,6,215,-260,17,24,0
2021,5,North Carolina,Duke,0,6.4,-13.5,19.9,-18,-1200,700,38,7,1
2021,5,TCU,Texas,0,-0.6,8.5,-9.1,4,165,-195,27,32,0
2021,5,Georgia,Arkansas,0,32,13.8,18.2,-19.5,-700,475,37,0,1
2021,5,Purdue,Minnesota,0,10.3,14.4,-4.1,-2,-130,110,13,20,0
2021,5,Temple,Memphis,0,-19.1,1,-20.1,11.5,320,-430,34,31,1
2021,5,Georgia Tech,Pittsburgh,0,-6.7,17.6,-24.3,3,130,-150,21,52,0
2021,5,Wake Forest,Louisville,0,10.1,7.8,2.3,-7,-280,230,37,34,1
2021,5,Georgia State,App State,0,1.8,10.3,-8.5,9.5,300,-395,16,45,0
2021,5,Colorado,USC,0,-10,-0.6,-9.4,7,260,-320,14,37,0
2021,5,Coastal Carolina,UL Monroe,0,13.2,-20.3,33.5,-33.5,,,59,6,1
2021,5,Northern Illinois,Eastern Michigan,0,-7.1,-7.8,0.7,1,-120,-115,27,20,1
2021,5,Notre Dame,Cincinnati,0,17.4,21.2,-3.8,2,105,-120,13,24,0
2021,5,Kent State,Bowling Green,0,-6.4,-12.4,6.0,-16,-850,550,27,20,1
2021,5,South Carolina,Troy,0,3.9,-6.5,10.4,-7,-260,215,23,14,1
2021,5,Navy,UCF,0,-8.5,4.8,-13.3,16,525,-800,34,30,1
2021,5,Boise State,Nevada,0,9.4,3.6,5.8,-6.5,-200,170,31,41,0
2021,5,Alabama,Ole Miss,0,26,14.8,11.2,-14.5,-595,415,42,21,1
2021,5,Kansas State,Oklahoma,0,14.2,16.8,-2.6,10.5,325,-435,31,37,0
2021,5,Miami (OH),Central Michigan,0,1.5,-1,2.5,-1,-115,-120,28,17,1
2021,5,West Virginia,Texas Tech,0,1.8,9.8,-8.0,-7.5,-280,230,20,23,0
2021,5,Florida State,Syracuse,0,7.6,0.3,7.3,-4.5,-220,180,33,30,1
2021,5,Rutgers,Ohio State,0,-3,29.3,-32.3,15.5,475,-700,13,52,0
2021,5,Stanford,Oregon,0,-10.2,10.2,-20.4,7,255,-310,31,24,1
2021,5,Akron,Ohio,0,-23.1,-11.6,-11.5,9,280,-360,17,34,0
2021,5,Florida Atlantic,Florida International,0,-5.2,-21.6,16.4,-10.5,-415,310,58,21,1
2021,5,East Carolina,Tulane,0,0.5,-3.9,4.4,3.5,135,-160,52,29,1
2021,5,SMU,South Florida,0,8.9,-12.1,21.0,-20,-1500,775,41,17,1
2021,5,Georgia Southern,Arkansas State,0,-15.3,-17.9,2.6,-3,-125,105,59,33,1
2021,5,Ball State,Army,0,-11.2,4.7,-15.9,6,310,-415,28,16,1
2021,5,California,Washington State,0,3.4,6.7,-3.3,-7.5,-300,250,6,21,0
2021,5,Kentucky,Florida,0,13.4,11,2.4,8,260,-320,20,13,1
2021,5,UTSA,UNLV,0,6.5,-13.8,20.3,-20,-1500,775,24,17,1
2021,5,NC State,Louisiana Tech,0,16.1,-11.6,27.7,-19.5,-1100,650,34,27,1
2021,5,New Mexico,Air Force,0,-18.6,7.4,-26.0,10.5,335,-455,10,38,0
2021,5,Rice,Southern Miss,0,-22.9,-14.2,-8.7,-3,-125,105,24,19,1
2021,5,UAB,Liberty,0,9.1,8.4,0.7,-2,-135,115,12,36,0
2021,5,Iowa State,Kansas,0,14.3,-19.7,34.0,-33.5,,,59,7,1
2021,5,Oklahoma State,Baylor,0,17.2,15.6,1.6,-4,-175,150,24,14,1
2021,5,Middle Tennessee,Marshall,0,-4,8,-12,10,300,-395,34,28,1
2021,5,Texas A&M,Mississippi State,0,21.1,10.5,10.6,-9.5,-300,250,22,26,0
2021,5,Penn State,Indiana,0,14.3,-7.8,22.1,-11.5,-520,375,24,0,1
2021,5,Nebraska,Northwestern,0,10.3,-11.1,21.4,-10,-445,330,56,7,1
2021,5,Michigan State,Western Kentucky,0,11.2,13.3,-2.1,-10,-420,315,48,31,1
2021,5,Clemson,Boston College,0,18.7,0.9,17.8,-16,-655,445,19,13,1
2021,5,Vanderbilt,UConn,0,-19.4,-25.6,6.2,-14,-665,450,30,28,1
2021,5,South Alabama,Louisiana,0,-7.2,8.7,-15.9,11,360,-500,18,20,0
2021,5,LSU,Auburn,0,4.1,11,-6.9,-3.5,-150,130,19,24,0
2021,5,Oregon State,Washington,0,8.9,-0.7,9.6,3,-130,110,27,24,1
2021,5,UTEP,Old Dominion,0,-4.2,-7.4,3.2,-4,-230,190,28,21,1
2021,5,San José State,New Mexico State,0,-1.9,-24.2,22.3,-27.5,,,37,31,1
2021,5,UCLA,Arizona State,0,9.4,11.8,-2.4,-3.5,-145,125,23,42,0
2021,5,Hawai'i,Fresno State,0,-2.3,10.8,-13.1,10,310,-415,27,24,1
2021,6,Arkansas State,Coastal Carolina,0,-17.9,13.2,-31.1,17.5,700,-1200,20,52,0
2021,6,Tulane,Houston,0,-3.9,10.9,-14.8,4.5,170,-200,22,40,0
2021,6,Florida International,Charlotte,0,-21.6,-13.7,-7.9,3.5,150,-175,33,45,0
2021,6,Cincinnati,Temple,0,21.2,-19.1,40.3,-28,-6500,1325,52,3,1
2021,6,Arizona State,Stanford,0,11.8,-10.2,22.0,-10.5,-520,375,28,10,1
2021,6,Toledo,Northern Illinois,0,6.9,-7.1,14.0,-12.5,-520,375,20,22,0
2021,6,Ole Miss,Arkansas,0,14.8,13.8,1.0,-6,-195,165,52,51,1
2021,6,Texas,Oklahoma,1,8.5,16.8,-8.3,3.5,130,-150,48,55,0
2021,6,Tennessee,South Carolina,0,17.5,3.9,13.6,-10,-420,315,45,20,1
2021,6,Florida,Vanderbilt,0,11,-19.4,30.4,-39,,,42,0,1
2021,6,Rutgers,Michigan State,0,-3,11.2,-14.2,5,165,-195,13,31,0
2021,6,Baylor,West Virginia,0,15.6,1.8,13.8,-3,-140,120,45,20,1
2021,6,Bowling Green,Akron,0,-12.4,-23.1,10.7,-13,-565,400,20,35,0
2021,6,Ohio State,Maryland,0,29.3,6.2,23.1,-20,-1600,800,66,17,1
2021,6,Duke,Georgia Tech,0,-13.5,-6.7,-6.8,3,165,-195,27,31,0
2021,6,Marshall,Old Dominion,0,8,-7.4,15.4,-19.5,-1400,750,20,13,1
2021,6,Louisville,Virginia,0,7.8,7.2,0.6,-3,-135,115,33,34,0
2021,6,Navy,SMU,0,-8.5,8.9,-17.4,14.5,395,-555,24,31,0
2021,6,Eastern Michigan,Miami (OH),0,-7.8,1.5,-9.3,1,110,-130,13,12,1
2021,6,Syracuse,Wake Forest,0,0.3,10.1,-9.8,6.5,190,-230,37,40,0
2021,6,North Carolina,Florida State,0,6.4,7.6,-1.2,-16.5,-900,575,25,35,0
2021,6,Massachusetts,UConn,0,-29.3,-25.6,-3.7,2,135,-160,27,13,1
2021,6,Illinois,Wisconsin,0,4.3,20.1,-15.8,9,315,-420,0,24,0
2021,6,Liberty,Middle Tennessee,0,8.4,-4,12.4,-19.5,-1300,725,41,13,1
2021,6,Colorado State,San José State,0,-2.4,-1.9,-0.5,-1,-165,140,32,14,1
2021,6,BYU,Boise State,0,8.9,9.4,-0.5,-3.5,-235,195,17,26,0
2021,6,Ohio,Central Michigan,0,-11.6,-1,-10.6,5,175,-210,27,30,0
2021,6,Western Michigan,Ball State,0,0.6,-11.2,11.8,-11,-500,360,20,45,0
2021,6,Auburn,Georgia,0,11,32,-21,14.5,475,-700,10,34,0
2021,6,UAB,Florida Atlantic,0,9.1,-5.2,14.3,-6,-180,155,31,14,1
2021,6,Washington State,Oregon State,0,6.7,8.9,-2.2,3,155,-180,31,24,1
2021,6,Iowa,Penn State,0,11.4,14.3,-2.9,-3,-130,110,23,20,1
2021,6,Missouri,North Texas,0,3.1,-6.5,9.6,-20,-1100,650,48,35,1
2021,6,UCF,East Carolina,0,4.8,0.5,4.3,-10,-380,290,20,16,1
2021,6,Texas Tech,TCU,0,9.8,-0.6,10.4,2,110,-130,31,52,0
2021,6,Southern Miss,UTEP,0,-14.2,-4.2,-10.0,-1,105,-125,13,26,0
2021,6,Western Kentucky,UTSA,0,13.3,6.5,6.8,-3,-165,140,46,52,0
2021,6,Air Force,Wyoming,0,7.4,0.6,6.8,-4,-210,175,24,14,1
2021,6,Kent State,Buffalo,0,-6.4,-9.5,3.1,-5.5,-230,190,48,38,1
2021,6,Troy,Georgia Southern,0,-6.5,-15.3,8.8,-4,-220,180,27,24,1
2021,6,Texas State,South Alabama,0,-16,-7.2,-8.8,1,155,-180,33,31,1
2021,6,Virginia Tech,Notre Dame,0,2.4,17.4,-15.0,1.5,-105,-115,29,32,0
2021,6,Kentucky,LSU,0,13.4,4.1,9.3,-3.5,-135,115,42,21,1
2021,6,Nebraska,Michigan,0,10.3,23.4,-13.1,3,125,-145,29,32,0
2021,6,Texas A&M,Alabama,0,21.1,26,-4.9,17.5,700,-1200,41,38,1
2021,6,USC,Utah,0,-0.6,15.2,-15.8,-3.5,-150,130,26,42,0
2021,6,UL Monroe,Georgia State,0,-20.3,1.8,-22.1,14.5,500,-750,21,55,0
2021,6,Tulsa,Memphis,0,5.8,1,4.8,-4,-160,135,35,29,1
2021,6,San Diego State,New Mexico,0,8.3,-18.6,26.9,-19,-1200,700,31,7,1
2021,6,Nevada,New Mexico State,0,3.6,-24.2,27.8,-33.5,,,55,28,1
2021,6,Arizona,UCLA,0,-12.6,9.4,-22.0,16,525,-800,16,34,0
2021,7,Louisiana,App State,0,8.7,10.3,-1.6,3.5,170,-200,41,13,1
2021,7,South Alabama,Georgia Southern,0,-7.2,-15.3,8.1,-3.5,-160,135,41,14,1
2021,7,Memphis,Navy,0,1,-8.5,9.5,-8.5,-395,300,35,17,1
2021,7,Syracuse,Clemson,0,0.3,18.7,-18.4,14,400,-565,14,17,0
2021,7,North Texas,Marshall,0,-6.5,8,-14.5,10.5,320,-430,21,49,0
2021,7,Oregon,California,0,10.2,3.4,6.8,-15,-615,425,24,17,1
2021,7,San José State,San Diego State,0,-1.9,8.3,-10.2,8,280,-360,13,19,0
2021,7,Northwestern,Rutgers,0,-11.1,-3,-8.1,0,110,-130,21,7,1
2021,7,Texas,Oklahoma State,0,8.5,17.2,-8.7,-5,-165,140,24,32,0
2021,7,Minnesota,Nebraska,0,14.4,10.3,4.1,2.5,165,-195,30,23,1
2021,7,Arkansas,Auburn,0,13.8,11,2.8,-3.5,-195,165,23,38,0
2021,7,LSU,Florida,0,4.1,11,-6.9,10,360,-500,49,42,1
2021,7,Cincinnati,UCF,0,21.2,4.8,16.4,-20,-1600,800,56,21,1
2021,7,Buffalo,Ohio,0,-9.5,-11.6,2.1,-10.5,-320,260,27,26,1
2021,7,Indiana,Michigan State,0,-7.8,11.2,-19.0,3.5,160,-185,15,20,0
2021,7,Missouri,Texas A&M,0,3.1,21.1,-18.0,9,315,-420,14,35,0
2021,7,South Florida,Tulsa,0,-12.1,5.8,-17.9,8.5,255,-310,31,32,0
2021,7,Virginia,Duke,0,7.2,-13.5,20.7,-11.5,-430,320,48,0,1
2021,7,Eastern Michigan,Ball State,0,-7.8,-11.2,3.4,2.5,105,-120,31,38,0
2021,7,Miami (OH),Akron,0,1.5,-23.1,24.6,-20,-1200,700,34,21,1
2021,7,Texas State,Troy,0,-16,-6.5,-9.5,6,230,-280,28,31,0
2021,7,Virginia Tech,Pittsburgh,0,2.4,17.6,-15.2,4.5,175,-210,7,28,0
2021,7,Baylor,BYU,0,15.6,8.9,6.7,-5,-210,175,38,24,1
2021,7,Georgia,Kentucky,0,32,13.4,18.6,-23.5,-1700,850,30,13,1
2021,7,Central Michigan,Toledo,0,-1,6.9,-7.9,6,170,-200,26,23,1
2021,7,North Carolina,Miami,0,6.4,10.8,-4.4,-6,-290,240,45,42,1
2021,7,Wyoming,Fresno State,0,0.6,10.8,-10.2,3.5,140,-165,0,17,0
2021,7,Iowa,Purdue,0,11.4,10.3,1.1,-12.5,-470,345,7,24,0
2021,7,Southern Miss,UAB,0,-14.2,9.1,-23.3,16,500,-750,0,34,0
2021,7,Old Dominion,Western Kentucky,0,-7.4,13.3,-20.7,13,360,-500,20,43,0
2021,7,Northern Illinois,Bowling Green,0,-7.1,-12.4,5.3,-9.5,-350,275,34,26,1
2021,7,Colorado,Arizona,0,-10,-12.6,2.6,-6,-235,195,34,0,1
2021,7,Western Michigan,Kent State,0,0.6,-6.4,7.0,-7,-260,215,64,31,1
2021,7,South Carolina,Vanderbilt,0,3.9,-19.4,23.3,-20,-1200,700,21,20,1
2021,7,Kansas,Texas Tech,0,-19.7,9.8,-29.5,15.5,600,-950,14,41,0
2021,7,UTSA,Rice,0,6.5,-22.9,29.4,-18.5,-1000,625,45,0,1
2021,7,New Mexico,Colorado State,0,-18.6,-2.4,-16.2,9.5,340,-460,7,36,0
2021,7,UNLV,Utah State,0,-13.8,0.1,-13.9,7.5,230,-280,24,28,0
2021,7,Mississippi State,Alabama,0,10.5,26,-15.5,17,625,-1000,9,49,0
2021,7,UL Monroe,Liberty,0,-20.3,8.4,-28.7,32,,,31,28,1
2021,7,Kansas State,Iowa State,0,14.2,14.3,-0.1,4.5,210,-250,20,33,0
2021,7,Oklahoma,TCU,0,16.8,-0.6,17.4,-12,-565,400,52,31,1
2021,7,Tennessee,Ole Miss,0,17.5,14.8,2.7,3,120,-140,26,31,0
2021,7,Boston College,NC State,0,0.9,16.1,-15.2,2,130,-150,7,33,0
2021,7,Washington State,Stanford,0,6.7,-10.2,16.9,2.5,-115,-105,34,31,1
2021,7,Wisconsin,Army,0,20.1,4.7,15.4,-11.5,-605,420,20,14,1
2021,7,Washington,UCLA,0,-0.7,9.4,-10.1,-1,-120,105,17,24,0
2021,7,Boise State,Air Force,0,9.4,7.4,2.0,-6,-170,145,17,24,0
2021,7,UTEP,Louisiana Tech,0,-4.2,-11.6,7.4,9,220,-270,19,3,1
2021,7,Utah,Arizona State,0,15.2,11.8,3.4,1,-115,-105,35,21,1
2021,7,Nevada,Hawai'i,0,3.6,-2.3,5.9,-16,-645,440,34,17,1
2021,8,App State,Coastal Carolina,0,10.3,13.2,-2.9,3.5,145,-170,30,27,1
2021,8,Arkansas State,Louisiana,0,-17.9,8.7,-26.6,17,625,-1000,27,28,0
2021,8,Charlotte,Florida Atlantic,0,-13.7,-5.2,-8.5,5,230,-280,9,38,0
2021,8,SMU,Tulane,0,8.9,-3.9,12.8,-14,-605,420,55,26,1
2021,8,UNLV,San José State,0,-13.8,-1.9,-11.9,4.5,155,-180,20,27,0
2021,8,UConn,Middle Tennessee,0,-25.6,-4,-21.6,15,475,-700,13,44,0
2021,8,UCF,Memphis,0,4.8,1,3.8,-3,110,-130,24,7,1
2021,8,Utah State,Colorado State,0,0.1,-2.4,2.5,2.5,135,-160,26,24,1
2021,8,Arizona,Washington,0,-12.6,-0.7,-11.9,16,600,-950,16,21,0
2021,8,Texas Tech,Kansas State,0,9.8,14.2,-4.4,-1,-105,-115,24,25,0
2021,8,Central Michigan,Northern Illinois,0,-1,-7.1,6.1,-5,-210,175,38,39,0
2021,8,Army,Wake Forest,0,4.7,10.1,-5.4,3.5,135,-160,56,70,0
2021,8,Bowling Green,Eastern Michigan,0,-12.4,-7.8,-4.6,3.5,150,-175,24,55,0
2021,8,Navy,Cincinnati,0,-8.5,21.2,-29.7,27,1225,-4100,20,27,0
2021,8,Florida State,Massachusetts,0,7.6,-29.3,36.9,-35.5,,,59,3,1
2021,8,Michigan,Northwestern,0,23.4,-11.1,34.5,-21.5,-2200,1000,33,7,1
2021,8,Kansas,Oklahoma,0,-19.7,16.8,-36.5,39,,,23,35,0
2021,8,Penn State,Illinois,0,14.3,4.3,10.0,-24,-2500,1050,18,20,0
2021,8,Virginia Tech,Syracuse,0,2.4,0.3,2.1,-4,-165,140,36,41,0
2021,8,Ohio,Kent State,0,-11.6,-6.4,-5.2,6,180,-220,27,34,0
2021,8,Georgia State,Texas State,0,1.8,-16,17.8,-10,-415,310,28,16,1
2021,8,Purdue,Wisconsin,0,10.3,20.1,-9.8,3,135,-160,13,30,0
2021,8,Wyoming,New Mexico,0,0.6,-18.6,19.2,-19,-1300,725,3,14,0
2021,8,UCLA,Oregon,0,9.4,10.2,-0.8,-1.5,-115,-105,31,34,0
2021,8,California,Colorado,0,3.4,-10,13.4,-10,-350,275,26,3,1
2021,8,Minnesota,Maryland,0,14.4,6.2,8.2,-5,-185,160,34,16,1
2021,8,Akron,Buffalo,0,-23.1,-9.5,-13.6,11,340,-460,10,45,0
2021,8,Ole Miss,LSU,0,14.8,4.1,10.7,-10.5,-330,265,31,17,1
2021,8,UAB,Rice,0,9.1,-22.9,32.0,-23,-2200,1000,24,30,0
2021,8,Ball State,Miami (OH),0,-11.2,1.5,-12.7,-6.5,-180,155,17,24,0
2021,8,Toledo,Western Michigan,0,6.9,0.6,6.3,3,105,-125,34,15,1
2021,8,Washington State,BYU,0,6.7,8.9,-2.2,1,155,-180,19,21,0
2021,8,Iowa State,Oklahoma State,0,14.3,17.2,-2.9,-6.5,-260,215,24,21,1
2021,8,Pittsburgh,Clemson,0,17.6,18.7,-1.1,-3,-160,135,27,17,1
2021,8,Louisville,Boston College,0,7.8,0.9,6.9,-7,-220,180,28,14,1
2021,8,North Texas,Liberty,0,-6.5,8.4,-14.9,21.5,850,-1700,26,35,0
2021,8,Vanderbilt,Mississippi State,0,-19.4,10.5,-29.9,23,900,-1900,6,45,0
2021,8,Houston,East Carolina,0,10.9,0.5,10.4,-13,-565,400,31,24,1
2021,8,UL Monroe,South Alabama,0,-20.3,-7.2,-13.1,13.5,395,-555,41,31,1
2021,8,Louisiana Tech,UTSA,0,-11.6,6.5,-18.1,6,180,-220,16,45,0
2021,8,Fresno State,Nevada,0,10.8,3.6,7.2,-4,-170,145,34,32,1
2021,8,Air Force,San Diego State,0,7.4,8.3,-0.9,-4.5,-160,135,14,20,0
2021,8,Alabama,Tennessee,0,26,17.5,8.5,-27.5,-5500,1300,52,24,1
2021,8,Florida International,Western Kentucky,0,-21.6,13.3,-34.9,17,525,-800,19,34,0
2021,8,South Florida,Temple,0,-12.1,-19.1,7.0,-3.5,-120,110,34,14,1
2021,8,TCU,West Virginia,0,-0.6,1.8,-2.4,-4.5,-200,170,17,29,0
2021,8,Oregon State,Utah,0,8.9,15.2,-6.3,3.5,135,-160,42,34,1
2021,8,Texas A&M,South Carolina,0,21.1,3.9,17.2,-19.5,-1400,750,44,14,1
2021,8,Miami,NC State,0,10.8,16.1,-5.3,3.5,140,-165,31,30,1
2021,8,Notre Dame,USC,0,17.4,-0.6,18.0,-6.5,-270,220,31,16,1
2021,8,Virginia,Georgia Tech,0,7.2,-6.7,13.9,-7,-240,200,48,40,1
2021,8,Indiana,Ohio State,0,-7.8,29.3,-37.1,19.5,800,-1600,7,54,0
2021,8,Hawai'i,New Mexico State,0,-2.3,-24.2,21.9,-18,-1100,650,48,34,1
2021,9,Coastal Carolina,Troy,0,13.2,-6.5,19.7,-18.5,-1200,700,35,28,1
2021,9,East Carolina,South Florida,0,0.5,-12.1,12.6,-9,-360,280,29,14,1
2021,9,Tulsa,Navy,0,5.8,-8.5,14.3,-10,-435,325,17,20,0
2021,9,Nevada,UNLV,0,3.6,-13.8,17.4,-20.5,-1500,775,51,20,1
2021,9,Louisiana,Texas State,0,8.7,-16,24.7,-20,-1500,775,45,0,1
2021,9,Pittsburgh,Miami,0,17.6,10.8,6.8,-11.5,-370,285,34,38,0
2021,9,Georgia Tech,Virginia Tech,0,-6.7,2.4,-9.1,-3.5,-180,155,17,26,0
2021,9,Tulane,Cincinnati,0,-3.9,21.2,-25.1,25,1200,-3800,12,31,0
2021,9,Wisconsin,Iowa,0,20.1,11.4,8.7,-3.5,-160,135,27,7,1
2021,9,Liberty,Massachusetts,0,8.4,-29.3,37.7,-36.5,,,62,17,1
2021,9,Michigan State,Michigan,0,11.2,23.4,-12.2,4,160,-185,37,33,1
2021,9,Maryland,Indiana,0,6.2,-7.8,14.0,-2.5,-185,160,38,35,1
2021,9,Buffalo,Bowling Green,0,-9.5,-12.4,2.9,-12.5,-565,400,44,56,0
2021,9,Illinois,Rutgers,0,4.3,-3,7.3,0,105,-125,14,20,0
2021,9,Temple,UCF,0,-19.1,4.8,-23.9,10.5,320,-430,7,49,0
2021,9,Baylor,Texas,0,15.6,8.5,7.1,-2.5,-135,115,31,24,1
2021,9,West Virginia,Iowa State,0,1.8,14.3,-12.5,7,250,-300,38,31,1
2021,9,Rice,North Texas,0,-22.9,-6.5,-16.4,-2,-120,110,24,30,0
2021,9,Arizona State,Washington State,0,11.8,6.7,5.1,-15,-700,475,21,34,0
2021,9,Utah State,Hawai'i,0,0.1,-2.3,2.4,-6.5,-200,170,51,31,1
2021,9,Vanderbilt,Missouri,0,-19.4,3.1,-22.5,17,525,-800,28,37,0
2021,9,Nebraska,Purdue,0,10.3,10.3,0.0,-7,-300,250,23,28,0
2021,9,App State,UL Monroe,0,10.3,-20.3,30.6,-27,-5000,1275,59,28,1
2021,9,Old Dominion,Louisiana Tech,0,-7.4,-11.6,4.2,5.5,160,-185,23,20,1
2021,9,Marshall,Florida International,0,8,-21.6,29.6,-22,-1700,850,38,0,1
2021,9,Clemson,Florida State,0,18.7,7.6,11.1,-10,-360,280,30,20,1
2021,9,Oklahoma,Texas Tech,0,16.8,9.8,7.0,-19,-1200,700,52,21,1
2021,9,Syracuse,Boston College,0,0.3,0.9,-0.6,-4.5,-245,205,21,6,1
2021,9,Kansas State,TCU,0,14.2,-0.6,14.8,-3.5,-170,145,31,12,1
2021,9,Northwestern,Minnesota,0,-11.1,14.4,-25.5,7.5,250,-300,14,41,0
2021,9,Middle Tennessee,Southern Miss,0,-4,-14.2,10.2,-14,-575,405,35,10,1
2021,9,Florida,Georgia,1,11,32,-21,14.5,425,-615,7,34,0
2021,9,Oregon,Colorado,0,10.2,-10,20.2,-26,-3500,1175,52,29,1
2021,9,San José State,Wyoming,0,-1.9,0.6,-2.5,-3.5,-145,125,27,21,1
2021,9,Wake Forest,Duke,0,10.1,-13.5,23.6,-16,-800,525,45,7,1
2021,9,Western Kentucky,Charlotte,0,13.3,-13.7,27.0,-18.5,-1000,625,45,13,1
2021,9,South Alabama,Arkansas State,0,-7.2,-17.9,10.7,-10,-350,275,31,13,1
2021,9,Georgia Southern,Georgia State,0,-15.3,1.8,-17.1,5.5,195,-235,14,21,0
2021,9,Florida Atlantic,UTEP,0,-5.2,-4.2,-1.0,-12,-455,335,28,25,1
2021,9,Auburn,Ole Miss,0,11,14.8,-3.8,-1,-145,125,31,20,1
2021,9,Oklahoma State,Kansas,0,17.2,-19.7,36.9,-31,,,55,3,1
2021,9,Houston,SMU,0,10.9,8.9,2.0,-1,-120,,44,37,1
2021,9,Mississippi State,Kentucky,0,10.5,13.4,-2.9,1,-115,-105,31,17,1
2021,9,USC,Arizona,0,-0.6,-12.6,12.0,-20.5,-1700,850,41,34,1
2021,9,California,Oregon State,0,3.4,8.9,-5.5,1.5,105,-125,39,25,1
2021,9,Colorado State,Boise State,0,-2.4,9.4,-11.8,2.5,115,-135,19,28,0
2021,9,Notre Dame,North Carolina,0,17.4,6.4,11.0,-3.5,-175,150,44,34,1
2021,9,NC State,Louisville,0,16.1,7.8,8.3,-7,-235,195,28,13,1
2021,9,Ohio State,Penn State,0,29.3,14.3,15.0,-17.5,-1200,700,33,24,1
2021,9,Utah,UCLA,0,15.2,9.4,5.8,-4.5,-250,210,44,24,1
2021,9,BYU,Virginia,0,8.9,7.2,1.7,-2.5,-130,110,66,49,1
2021,9,San Diego State,Fresno State,0,8.3,10.8,-2.5,-1,-105,-120,20,30,0
2021,9,Stanford,Washington,0,-10.2,-0.7,-9.5,-2.5,-145,125,13,20,0
2021,10,Akron,Ball State,0,-23.1,-11.2,-11.9,19.5,725,-1300,25,31,0
2021,10,Ohio,Miami (OH),0,-11.6,1.5,-13.1,7,230,-280,35,33,1
2021,10,Toledo,Eastern Michigan,0,6.9,-7.8,14.7,-9,-360,280,49,52,0
2021,10,Western Michigan,Central Michigan,0,0.6,-1,1.6,-10,-395,300,30,42,0
2021,10,Kent State,Northern Illinois,0,-6.4,-7.1,0.7,-5.5,-185,160,52,47,1
2021,10,Louisiana,Georgia State,0,8.7,1.8,6.9,-10.5,-500,360,21,17,1
2021,10,Boston College,Virginia Tech,0,0.9,2.4,-1.5,3,135,-160,17,3,1
2021,10,Stanford,Utah,0,-10.2,15.2,-25.4,6.5,265,-330,7,52,0
2021,10,Air Force,Army,1,7.4,4.7,2.7,-3,-140,120,14,21,0
2021,10,Georgia,Missouri,0,32,3.1,28.9,-37.5,,,43,6,1
2021,10,Nebraska,Ohio State,0,10.3,29.3,-19.0,14.5,500,-750,17,26,0
2021,10,Kansas,Kansas State,0,-19.7,14.2,-33.9,23.5,1050,-2500,10,35,0
2021,10,UAB,Louisiana Tech,0,9.1,-11.6,20.7,-13,-555,395,52,38,1
2021,10,Ole Miss,Liberty,0,14.8,8.4,6.4,-10,-350,275,27,14,1
2021,10,Memphis,SMU,0,1,8.9,-7.9,6.5,135,-160,28,25,1
2021,10,Minnesota,Illinois,0,14.4,4.3,10.1,-14.5,-700,475,6,14,0
2021,10,Duke,Pittsburgh,0,-13.5,17.6,-31.1,20.5,850,-1700,29,54,0
2021,10,North Carolina,Wake Forest,0,6.4,10.1,-3.7,-2.5,-130,110,58,55,1
2021,10,Miami,Georgia Tech,0,10.8,-6.7,17.5,-9,-415,310,33,30,1
2021,10,Arkansas State,App State,0,-17.9,10.3,-28.2,20.5,800,-1600,14,48,0
2021,10,Texas State,UL Monroe,0,-16,-20.3,4.3,-3.5,-165,140,27,19,1
2021,10,East Carolina,Temple,0,0.5,-19.1,19.6,-15,-750,500,45,3,1
2021,10,Arizona,California,0,-12.6,3.4,-16.0,12,285,-370,10,3,1
2021,10,Southern Miss,North Texas,0,-14.2,-6.5,-7.7,4.5,180,-220,14,38,0
2021,10,Western Kentucky,Middle Tennessee,0,13.3,-4,17.3,-15,-900,575,48,21,1
2021,10,West Virginia,Oklahoma State,0,1.8,17.2,-15.4,3,150,-175,3,24,0
2021,10,TCU,Baylor,0,-0.6,15.6,-16.2,5,225,-275,30,28,1
2021,10,Maryland,Penn State,0,6.2,14.3,-8.1,11,300,-395,14,31,0
2021,10,Notre Dame,Navy,0,17.4,-8.5,25.9,-21,-1600,800,34,6,1
2021,10,Purdue,Michigan State,0,10.3,11.2,-0.9,3,130,-150,40,29,1
2021,10,Charlotte,Rice,0,-13.7,-22.9,9.2,-3.5,-245,205,31,24,1
2021,10,Cincinnati,Tulsa,0,21.2,5.8,15.4,-23,-2100,975,28,20,1
2021,10,Troy,South Alabama,0,-6.5,-7.2,0.7,-3,-180,155,31,24,1
2021,10,Rutgers,Wisconsin,0,-3,20.1,-23.1,11.5,400,-565,3,52,0
2021,10,Texas A&M,Auburn,0,21.1,11,10.1,-4.5,-200,170,20,3,1
2021,10,Wyoming,Colorado State,0,0.6,-2.4,3.0,3.5,140,-165,31,17,1
2021,10,Arkansas,Mississippi State,0,13.8,10.5,3.3,-5.5,-195,165,31,28,1
2021,10,UCF,Tulane,0,4.8,-3.9,8.7,-13,-535,385,14,10,1
2021,10,New Mexico State,Utah State,0,-24.2,0.1,-24.3,17,625,-1000,13,35,0
2021,10,Florida State,NC State,0,7.6,16.1,-8.5,3,125,-145,14,28,0
2021,10,Georgia Southern,Coastal Carolina,0,-15.3,13.2,-28.5,19,700,-1200,8,28,0
2021,10,Florida Atlantic,Marshall,0,-5.2,8,-13.2,1.5,105,-120,13,28,0
2021,10,Fresno State,Boise State,0,10.8,9.4,1.4,-5.5,-210,175,14,40,0
2021,10,Northwestern,Iowa,0,-11.1,11.4,-22.5,11.5,360,-500,12,17,0
2021,10,New Mexico,UNLV,0,-18.6,-13.8,-4.8,-1,-120,105,17,31,0
2021,10,Florida International,Old Dominion,0,-21.6,-7.4,-14.2,1.5,125,-145,24,47,0
2021,10,Colorado,Oregon State,0,-10,8.9,-18.9,10.5,335,-455,37,34,1
2021,10,Alabama,LSU,0,26,4.1,21.9,-28.5,,,20,14,1
2021,10,Kentucky,Tennessee,0,13.4,17.5,-4.1,-3,-105,-115,42,45,0
2021,10,South Carolina,Florida,0,3.9,11,-7.1,18.5,775,-1500,40,17,1
2021,10,South Florida,Houston,0,-12.1,10.9,-23.0,13,400,-565,42,54,0
2021,10,Michigan,Indiana,0,23.4,-7.8,31.2,-19,-1500,775,29,7,1
2021,10,Washington,Oregon,0,-0.7,10.2,-10.9,6.5,225,-275,16,26,0
2021,10,Iowa State,Texas,0,14.3,8.5,5.8,-6.5,-240,200,30,7,1
2021,10,Louisville,Clemson,0,7.8,18.7,-10.9,3.5,160,-185,24,30,0
2021,10,Nevada,San José State,0,3.6,-1.9,5.5,-10,-455,335,27,24,1
2021,10,UTEP,UTSA,0,-4.2,6.5,-10.7,12.5,345,-470,23,44,0
2021,10,Arizona State,USC,0,11.8,-0.6,12.4,-8,-340,270,31,16,1
2021,10,Hawai'i,San Diego State,0,-2.3,8.3,-10.6,7.5,250,-300,10,17,0
2021,11,Western Michigan,Akron,0,0.6,-23.1,23.7,-26,-3500,1175,45,40,1
2021,11,Miami (OH),Buffalo,0,1.5,-9.5,11.0,-7,-290,240,45,18,1
2021,11,Eastern Michigan,Ohio,0,-7.8,-11.6,3.8,-7.5,-240,200,26,34,0
2021,11,Northern Illinois,Ball State,0,-7.1,-11.2,4.1,2.5,110,-130,30,29,1
2021,11,Bowling Green,Toledo,0,-12.4,6.9,-19.3,9.5,310,-415,17,49,0
2021,11,Central Michigan,Kent State,0,-1,-6.4,5.4,-3,-135,115,54,30,1
2021,11,Pittsburgh,North Carolina,0,17.6,6.4,11.2,-6,-250,210,30,23,1
2021,11,South Florida,Cincinnati,0,-12.1,21.2,-33.3,23.5,975,-2100,28,45,0
2021,11,Boise State,Wyoming,0,9.4,0.6,8.8,-14.5,-625,430,23,13,1
2021,11,SMU,UCF,0,8.9,4.8,4.1,-7.5,-280,230,55,28,1
2021,11,Temple,Houston,0,-19.1,10.9,-30.0,25.5,1075,-2600,8,37,0
2021,11,Kansas State,West Virginia,0,14.2,1.8,12.4,-6,-235,195,34,17,1
2021,11,Memphis,East Carolina,0,1,0.5,0.5,-6,-210,175,29,30,0
2021,11,Alabama,New Mexico State,0,26,-24.2,50.2,-51.5,,,59,3,1
2021,11,Auburn,Mississippi State,0,11,10.5,0.5,-5.5,-210,175,34,43,0
2021,11,Wisconsin,Northwestern,0,20.1,-11.1,31.2,-24,-2800,1100,35,7,1
2021,11,Baylor,Oklahoma,0,15.6,16.8,-1.2,6,175,-210,27,14,1
2021,11,Clemson,UConn,0,18.7,-25.6,44.3,-39.5,,,44,7,1
2021,11,Penn State,Michigan,0,14.3,23.4,-9.1,0,105,-125,17,21,0
2021,11,Louisville,Syracuse,0,7.8,0.3,7.5,-3,-160,135,41,3,1
2021,11,Indiana,Rutgers,0,-7.8,-3,-4.8,-6.5,-260,215,3,38,0
2021,11,Rice,Western Kentucky,0,-22.9,13.3,-36.2,19,700,-1200,21,42,0
2021,11,Arizona,Utah,0,-12.6,15.2,-27.8,24,1100,-2800,29,38,0
2021,11,Coastal Carolina,Georgia State,0,13.2,1.8,11.4,-9,-445,330,40,42,0
2021,11,App State,South Alabama,0,10.3,-7.2,17.5,-23,-2100,975,31,7,1
2021,11,Texas State,Georgia Southern,0,-16,-15.3,-0.7,-2.5,-125,105,30,38,0
2021,11,Tennessee,Georgia,0,17.5,32,-14.5,20.5,750,-1400,17,41,0
2021,11,Troy,Louisiana,0,-6.5,8.7,-15.2,7.5,200,-240,21,35,0
2021,11,Middle Tennessee,Florida International,0,-4,-21.6,17.6,-10,-415,310,50,10,1
2021,11,Louisiana Tech,Charlotte,0,-11.6,-13.7,2.1,-6,-275,225,42,32,1
2021,11,Iowa,Minnesota,0,11.4,14.4,-3.0,-7,-180,155,27,22,1
2021,11,Virginia Tech,Duke,0,2.4,-13.5,15.9,-10.5,-470,345,48,17,1
2021,11,UTSA,Southern Miss,0,6.5,-14.2,20.7,-32.5,,,27,17,1
2021,11,Marshall,UAB,0,8,9.1,-1.1,-6,-200,170,14,21,0
2021,11,Old Dominion,Florida Atlantic,0,-7.4,-5.2,-2.2,6.5,210,-250,30,16,1
2021,11,Georgia Tech,Boston College,0,-6.7,0.9,-7.6,-2,-115,-105,30,41,0
2021,11,Texas Tech,Iowa State,0,9.8,14.3,-4.5,10.5,315,-420,41,38,1
2021,11,Ohio State,Purdue,0,29.3,10.3,19.0,-20.5,-1300,725,59,31,1
2021,11,Florida State,Miami,0,7.6,10.8,-3.2,2.5,120,-140,31,28,1
2021,11,North Texas,UTEP,0,-6.5,-4.2,-2.3,2,-105,-115,20,17,1
2021,11,Tulane,Tulsa,0,-3.9,5.8,-9.7,3,125,-145,13,20,0
2021,11,Michigan State,Maryland,0,11.2,6.2,5.0,-13.5,-565,400,40,21,1
2021,11,UNLV,Hawai'i,0,-13.8,-2.3,-11.5,1.5,135,-160,27,13,1
2021,11,Missouri,South Carolina,0,3.1,3.9,-0.8,-1.5,-105,-120,31,28,1
2021,11,UL Monroe,Arkansas State,0,-20.3,-17.9,-2.4,-3,-150,130,24,27,0
2021,11,Oregon State,Stanford,0,8.9,-10.2,19.1,-10,-480,350,35,14,1
2021,11,Ole Miss,Texas A&M,0,14.8,21.1,-6.3,1.5,115,-135,29,19,1
2021,11,Vanderbilt,Kentucky,0,-19.4,13.4,-32.8,21.5,800,-1600,17,34,0
2021,11,Colorado State,Air Force,0,-2.4,7.4,-9.8,2.5,115,-135,21,35,0
2021,11,Fresno State,New Mexico,0,10.8,-18.6,29.4,-24.5,-3000,1125,34,7,1
2021,11,Washington,Arizona State,0,-0.7,11.8,-12.5,5,185,-225,30,35,0
2021,11,Virginia,Notre Dame,0,7.2,17.4,-10.2,5,210,-250,3,28,0
2021,11,Texas,Kansas,0,8.5,-19.7,28.2,-30,,,56,57,0
2021,11,Wake Forest,NC State,0,10.1,16.1,-6.0,-3,-125,105,45,42,1
2021,11,LSU,Arkansas,0,4.1,13.8,-9.7,1.5,125,-145,13,16,0
2021,11,Oklahoma State,TCU,0,17.2,-0.6,17.8,-13,-500,360,63,17,1
2021,11,UCLA,Colorado,0,9.4,-10,19.4,-15,-900,575,44,20,1
2021,11,San Diego State,Nevada,0,8.3,3.6,4.7,0,-150,130,23,21,1
2021,11,San José State,Utah State,0,-1.9,0.1,-2.0,-4.5,-200,170,17,48,0
2021,11,Oregon,Washington State,0,10.2,6.7,3.5,-13.5,-585,410,38,24,1
2021,12,Ohio,Toledo,0,-11.6,6.9,-18.5,6,200,-240,23,35,0
2021,12,Eastern Michigan,Western Michigan,0,-7.8,0.6,-8.4,5,170,-200,22,21,1
2021,12,Miami (OH),Bowling Green,0,1.5,-12.4,13.9,-16,-750,500,34,7,1
2021,12,Ball State,Central Michigan,0,-11.2,-1,-10.2,-2.5,120,-140,17,37,0
2021,12,Buffalo,Northern Illinois,0,-9.5,-7.1,-2.4,2.5,110,-130,27,33,0
2021,12,Duke,Louisville,0,-13.5,7.8,-21.3,19.5,750,-1400,22,62,0
2021,12,Louisiana Tech,Southern Miss,0,-11.6,-14.2,2.6,-17,-800,525,19,35,0
2021,12,Nevada,Air Force,0,3.6,7.4,-3.8,-1.5,115,-135,39,41,0
2021,12,Washington State,Arizona,0,6.7,-12.6,19.3,-15,-665,450,44,18,1
2021,12,Houston,Memphis,0,10.9,1,9.9,-9.5,-370,285,31,13,1
2021,12,UNLV,San Diego State,0,-13.8,8.3,-22.1,12,340,-460,20,28,0
2021,12,West Virginia,Texas,0,1.8,8.5,-6.7,-2.5,-130,110,31,23,1
2021,12,Oklahoma,Iowa State,0,16.8,14.3,2.5,-4,-170,145,28,21,1
2021,12,Army,Massachusetts,0,4.7,-29.3,34.0,-37.5,,,33,17,1
2021,12,Boston College,Florida State,0,0.9,7.6,-6.7,-2.5,-130,110,23,26,0
2021,12,Akron,Kent State,0,-23.1,-6.4,-16.7,13,390,-545,0,38,0
2021,12,Tulane,South Florida,0,-3.9,-12.1,8.2,-3.5,-220,180,45,14,1
2021,12,Northwestern,Purdue,1,-11.1,10.3,-21.4,11.5,335,-455,14,32,0
2021,12,Kentucky,New Mexico State,0,13.4,-24.2,37.6,-36,,,56,16,1
2021,12,Clemson,Wake Forest,0,18.7,10.1,8.6,-4,-180,155,48,27,1
2021,12,Western Kentucky,Florida Atlantic,0,13.3,-5.2,18.5,-10.5,-415,310,52,17,1
2021,12,Penn State,Rutgers,0,14.3,-3,17.3,-17.5,-665,450,28,0,1
2021,12,Ohio State,Michigan State,0,29.3,11.2,18.1,-20,-1000,625,56,7,1
2021,12,Coastal Carolina,Texas State,0,13.2,-16,29.2,-21,-2200,1000,35,21,1
2021,12,Georgia State,Arkansas State,0,1.8,-17.9,19.7,-16,-800,525,28,20,1
2021,12,Iowa,Illinois,0,11.4,4.3,7.1,-12,-500,360,33,23,1
2021,12,Notre Dame,Georgia Tech,0,17.4,-6.7,24.1,-15.5,-900,575,55,0,1
2021,12,Colorado,Washington,0,-10,-0.7,-9.3,5.5,210,-250,20,17,1
2021,12,Navy,East Carolina,0,-8.5,0.5,-9.0,4,160,-185,35,38,0
2021,12,Cincinnati,SMU,0,21.2,8.9,12.3,-12.5,-395,300,48,14,1
2021,12,Middle Tennessee,Old Dominion,0,-4,-7.4,3.4,-3.5,-170,145,17,24,0
2021,12,Indiana,Minnesota,0,-7.8,14.4,-22.2,6.5,240,-290,14,35,0
2021,12,Pittsburgh,Virginia,0,17.6,7.2,10.4,-13.5,-625,430,48,38,1
2021,12,Alabama,Arkansas,0,26,13.8,12.2,-20.5,-1400,750,42,35,1
2021,12,Wisconsin,Nebraska,0,20.1,10.3,9.8,-10,-395,300,35,28,1
2021,12,Maryland,Michigan,0,6.2,23.4,-17.2,15,475,-700,18,59,0
2021,12,Charlotte,Marshall,0,-13.7,8,-21.7,14.5,445,-655,28,49,0
2021,12,Troy,App State,0,-6.5,10.3,-16.8,10,280,-360,7,45,0
2021,12,UTSA,UAB,0,6.5,9.1,-2.6,-5.5,-200,170,34,31,1
2021,12,Georgia Southern,BYU,0,-15.3,8.9,-24.2,20,750,-1400,17,34,0
2021,12,UTEP,Rice,0,-4.2,-22.9,18.7,-10,-380,290,38,28,1
2021,12,Tulsa,Temple,0,5.8,-19.1,24.9,-22,-1700,850,44,10,1
2021,12,NC State,Syracuse,0,16.1,0.3,15.8,-11.5,-455,335,41,17,1
2021,12,Liberty,Louisiana,0,8.4,8.7,-0.3,-4,-185,160,14,42,0
2021,12,UCF,UConn,0,4.8,-25.6,30.4,-30,-10000,2500,49,17,1
2021,12,USC,UCLA,0,-0.6,9.4,-10.0,3,140,-165,33,62,0
2021,12,Missouri,Florida,0,3.1,11,-7.9,7.5,260,-320,24,23,1
2021,12,TCU,Kansas,0,-0.6,-19.7,19.1,-21.5,-1500,775,31,28,1
2021,12,Kansas State,Baylor,0,14.2,15.6,-1.4,-1,-120,-105,10,20,0
2021,12,Florida International,North Texas,0,-21.6,-6.5,-15.1,9.5,290,-380,7,49,0
2021,12,Stanford,California,0,-10.2,3.4,-13.6,3.5,115,-135,11,41,0
2021,12,South Carolina,Auburn,0,3.9,11,-7.1,10.5,250,-300,21,17,1
2021,12,Ole Miss,Vanderbilt,0,14.8,-19.4,34.2,-37,,,31,17,1
2021,12,Utah,Oregon,0,15.2,10.2,5.0,-3,-150,130,38,7,1
2021,12,Miami,Virginia Tech,0,10.8,2.4,8.4,-7,-290,240,38,26,1
2021,12,Tennessee,South Alabama,0,17.5,-7.2,24.7,-27.5,-5000,1275,60,14,1
2021,12,Utah State,Wyoming,0,0.1,0.6,-0.5,-6.5,-220,180,17,44,0
2021,12,Texas Tech,Oklahoma State,0,9.8,17.2,-7.4,10.5,300,-395,0,23,0
2021,12,LSU,UL Monroe,0,4.1,-20.3,24.4,-29,,,27,14,1
2021,12,Boise State,New Mexico,0,9.4,-18.6,28.0,-27.5,-4500,1250,37,0,1
2021,12,Oregon State,Arizona State,0,8.9,11.8,-2.9,2.5,130,-150,24,10,1
2021,12,Hawai'i,Colorado State,0,-2.3,-2.4,0.1,2,120,-140,50,45,1
2021,13,Ball State,Buffalo,0,-11.2,-9.5,-1.7,-6.5,-240,200,20,3,1
2021,13,Northern Illinois,Western Michigan,0,-7.1,0.6,-7.7,3.5,155,-180,21,42,0
2021,13,San José State,Fresno State,0,-1.9,10.8,-12.7,7.5,250,-300,9,40,0
2021,13,Mississippi State,Ole Miss,0,10.5,14.8,-4.3,-1,-125,105,21,31,0
2021,13,Texas,Kansas State,0,8.5,14.2,-5.7,-2,-145,125,22,17,1
2021,13,Central Michigan,Eastern Michigan,0,-1,-7.8,6.8,-8.5,-340,270,31,10,1
2021,13,San Diego State,Boise State,0,8.3,9.4,-1.1,3,125,-145,27,16,1
2021,13,Bowling Green,Ohio,0,-12.4,-11.6,-0.8,5.5,200,-240,21,10,1
2021,13,New Mexico,Utah State,0,-18.6,0.1,-18.7,15.5,525,-800,10,35,0
2021,13,Nebraska,Iowa,0,10.3,11.4,-1.1,-3.5,-115,-105,21,28,0
2021,13,UAB,UTEP,0,9.1,-4.2,13.3,-13,-555,395,42,25,1
2021,13,East Carolina,Cincinnati,0,0.5,21.2,-20.7,14,410,-585,13,35,0
2021,13,UCF,South Florida,0,4.8,-12.1,16.9,-18.5,-1100,650,17,13,1
2021,13,Arkansas,Missouri,0,13.8,3.1,10.7,-14.5,-655,445,34,17,1
2021,13,Air Force,UNLV,0,7.4,-13.8,21.2,-18,-1000,625,48,14,1
2021,13,South Alabama,Coastal Carolina,0,-7.2,13.2,-20.4,14.5,450,-665,21,27,0
2021,13,Utah,Colorado,0,15.2,-10,25.2,-24,-2500,1050,28,13,1
2021,13,Iowa State,TCU,0,14.3,-0.6,14.9,-14.5,-700,475,48,14,1
2021,13,NC State,North Carolina,0,16.1,6.4,9.7,-7,-240,200,34,30,1
2021,13,Washington,Washington State,0,-0.7,6.7,-7.4,1.5,-105,-115,13,40,0
2021,13,Rutgers,Maryland,0,-3,6.2,-9.2,1.5,105,-125,16,40,0
2021,13,Michigan,Ohio State,0,23.4,29.3,-5.9,7.5,240,-290,42,27,1
2021,13,Boston College,Wake Forest,0,0.9,10.1,-9.2,4.5,175,-210,10,41,0
2021,13,Liberty,Army,0,8.4,4.7,3.7,-4,-170,145,16,31,0
2021,13,Baylor,Texas Tech,0,15.6,9.8,5.8,-14.5,-635,435,27,24,1
2021,13,Georgia Tech,Georgia,0,-6.7,32,-38.7,35,,,0,45,0
2021,13,Florida,Florida State,0,11,7.6,3.4,-1.5,-165,140,24,21,1
2021,13,UConn,Houston,0,-25.6,10.9,-36.5,32.5,,,17,45,0
2021,13,Toledo,Akron,0,6.9,-23.1,30.0,-28,,,49,14,1
2021,13,Kent State,Miami (OH),0,-6.4,1.5,-7.9,-1,-105,-120,48,47,1
2021,13,Temple,Navy,0,-19.1,-8.5,-10.6,13,385,-535,14,38,0
2021,13,Duke,Miami,0,-13.5,10.8,-24.3,21,800,-1600,10,47,0
2021,13,Rice,Louisiana Tech,0,-22.9,-11.6,-11.3,3.5,155,-180,35,31,1
2021,13,Old Dominion,Charlotte,0,-7.4,-13.7,6.3,-10,-360,280,56,34,1
2021,13,Arkansas State,Texas State,0,-17.9,-16,-1.9,-2,-125,105,22,24,0
2021,13,Georgia State,Troy,0,1.8,-6.5,8.3,-6.5,-240,200,37,10,1
2021,13,North Texas,UTSA,0,-6.5,6.5,-13.0,12,290,-380,45,23,1
2021,13,App State,Georgia Southern,0,10.3,-15.3,25.6,-24.5,,,27,3,1
2021,13,Southern Miss,Florida International,0,-14.2,-21.6,7.4,-10,-520,375,37,17,1
2021,13,New Mexico State,Massachusetts,0,-24.2,-29.3,5.1,-6,-260,215,44,27,1
2021,13,Wyoming,Hawai'i,0,0.6,-2.3,2.9,-10,-415,310,14,38,0
2021,13,Auburn,Alabama,0,11,26,-15,19.5,750,-1400,22,24,0
2021,13,Purdue,Indiana,0,10.3,-7.8,18.1,-15,-700,475,44,7,1
2021,13,Michigan State,Penn State,0,11.2,14.3,-3.1,0,150,-175,30,27,1
2021,13,Marshall,Western Kentucky,0,8,13.3,-5.3,-1,-120,105,21,53,0
2021,13,Oregon,Oregon State,0,10.2,8.9,1.3,-7,-270,220,38,29,1
2021,13,Illinois,Northwestern,0,4.3,-11.1,15.4,-6.5,-250,210,47,14,1
2021,13,Virginia,Virginia Tech,0,7.2,2.4,4.8,-7.5,-275,225,24,29,0
2021,13,Tennessee,Vanderbilt,0,17.5,-19.4,36.9,-31,,,45,21,1
2021,13,SMU,Tulsa,0,8.9,5.8,3.1,-6.5,-240,200,31,34,0
2021,13,Arizona State,Arizona,0,11.8,-12.6,24.4,-20,-1400,750,38,15,1
2021,13,Minnesota,Wisconsin,0,14.4,20.1,-5.7,6.5,225,-275,23,13,1
2021,13,Louisiana,UL Monroe,0,8.7,-20.3,29.0,-21.5,-1700,850,21,16,1
2021,13,Kansas,West Virginia,0,-19.7,1.8,-21.5,15,475,-700,28,34,0
2021,13,LSU,Texas A&M,0,4.1,21.1,-17.0,6.5,200,-240,27,24,1
2021,13,Florida Atlantic,Middle Tennessee,0,-5.2,-4,-1.2,-4,-175,150,17,27,0
2021,13,Memphis,Tulane,0,1,-3.9,4.9,-5.5,-225,185,33,28,1
2021,13,South Carolina,Clemson,0,3.9,18.7,-14.8,11,315,-420,0,30,0
2021,13,Oklahoma State,Oklahoma,0,17.2,16.8,0.4,-3.5,-185,160,37,33,1
2021,13,Syracuse,Pittsburgh,0,0.3,17.6,-17.3,11,360,-500,14,31,0
2021,13,Louisville,Kentucky,0,7.8,13.4,-5.6,-2.5,-145,125,21,52,0
2021,13,Stanford,Notre Dame,0,-10.2,17.4,-27.6,17.5,750,-1400,14,45,0
2021,13,Colorado State,Nevada,0,-2.4,3.6,-6.0,6,155,-180,10,52,0
2021,13,UCLA,California,0,9.4,3.4,6.0,-7,-250,210,42,14,1
2021,13,USC,BYU,0,-0.6,8.9,-9.5,7,210,-250,31,35,0
2021,14,UTSA,Western Kentucky,0,6.5,13.3,-6.8,1,105,-120,49,41,1
2021,14,Utah,Oregon,1,15.2,10.2,5.0,-3,-145,125,38,10,1
2021,14,Northern Illinois,Kent State,1,-7.1,-6.4,-0.7,2,135,-160,41,23,1
2021,14,Oklahoma State,Baylor,1,17.2,15.6,1.6,-6.5,-275,225,16,21,0
2021,14,San Diego State,Utah State,0,8.3,0.1,8.2,-4,-230,190,13,46,0
2021,14,Louisiana,App State,0,8.7,10.3,-1.6,2,115,-135,24,16,1
2021,14,Alabama,Georgia,1,26,32,-6,4,195,-235,41,24,1
2021,14,Cincinnati,Houston,0,21.2,10.9,10.3,-10,-415,310,35,20,1
2021,14,Iowa,Michigan,1,11.4,23.4,-12.0,-10.5,-520,375,3,42,0
2021,14,Wake Forest,Pittsburgh,1,10.1,17.6,-7.5,3,-160,135,21,45,0
2021,14,California,USC,0,3.4,-0.6,4.0,-2.5,-195,165,24,14,1
2021,15,Army,Navy,0,4.7,-8.5,13.2,-8.5,-300,250,13,17,0
2022,1,Northwestern,Nebraska,1,-13.4,-1.2,-12.2,10,-450,335,31,28,1
2022,1,Utah State,UConn,0,-13.3,-14.6,1.3,-25,,,31,20,1
2022,1,Illinois,Wyoming,0,15.9,-10.8,26.7,-9.5,-400,300,38,6,1
2022,1,Florida Atlantic,Charlotte,0,-7.1,-16.4,9.3,-5.5,-300,250,43,13,1
2022,1,UTEP,North Texas,0,-10.7,-1.5,-9.2,3,105,-125,13,31,0
2022,1,New Mexico State,Nevada,0,-15.4,-22.4,7.0,14,270,-340,12,23,0
2022,1,Hawai'i,Vanderbilt,0,-24.7,-4.7,-20.0,4.5,250,-300,10,63,0
2022,1,Tennessee,Ball State,0,25.2,-14.9,40.1,-28,,,59,10,1
2022,1,Pittsburgh,West Virginia,0,8.6,2.4,6.2,-7,-270,220,38,31,1
2022,1,Oklahoma State,Central Michigan,0,11.3,-14,25.3,-18.5,-1800,850,58,44,1
2022,1,Purdue,Penn State,0,7.7,22.4,-14.7,3,140,-165,31,35,0
2022,1,Missouri,Louisiana Tech,0,8.1,-17.8,25.9,-17,-1200,700,52,24,1
2022,1,Minnesota,New Mexico State,0,16,-15.4,31.4,-38,,,38,0,1
2022,1,Old Dominion,Virginia Tech,0,-13,-9.5,-3.5,7,260,-320,20,17,1
2022,1,Michigan State,Western Michigan,0,1.2,-17.3,18.5,-19,-1200,700,35,13,1
2022,1,Duke,Temple,0,5,-12.9,17.9,-6.5,-260,215,30,0,1
2022,1,Indiana,Illinois,0,-7.1,15.9,-23.0,-3,-115,-105,23,20,1
2022,1,Colorado,TCU,0,-20.4,24.3,-44.7,8,290,-380,13,38,0
2022,1,App State,North Carolina,0,1.7,7.8,-6.1,3.5,-120,-120,61,63,0
2022,1,East Carolina,NC State,0,1.1,6.8,-5.7,10.5,300,-400,20,21,0
2022,1,Michigan,Colorado State,0,32,-22.2,54.2,-28.5,,,51,7,1
2022,1,Maryland,Buffalo,0,11.2,-9.2,20.4,-20.5,-2500,1050,31,10,1
2022,1,Boston College,Rutgers,0,-14.9,-9.1,-5.8,-7.5,-300,250,21,22,0
2022,1,UCLA,Bowling Green,0,15,-18.1,33.1,-30,-2800,1100,45,17,1
2022,1,Oklahoma,UTEP,0,15.4,-10.7,26.1,-37,,,45,13,1
2022,1,Wyoming,Tulsa,0,-10.8,-6.1,-4.7,2,160,-185,40,37,1
2022,1,San Diego State,Arizona,0,-4.4,-3.2,-1.2,-7,-235,195,20,38,0
2022,1,Georgia,Oregon,1,35.3,18.9,16.4,-17,-900,575,49,3,1
2022,1,UTSA,Houston,0,7.2,4.5,2.7,6.5,165,-195,35,37,0
2022,1,Arkansas,Cincinnati,0,12,13.1,-1.1,-7.5,-230,190,31,24,1
2022,1,Ole Miss,Troy,0,16.2,8.1,8.1,-21,-2200,1000,28,10,1
2022,1,South Florida,BYU,0,-17,-1.4,-15.6,12.5,,,21,50,0
2022,1,Nevada,Texas State,0,-22.4,-11.5,-10.9,-10,-115,-120,38,14,1
2022,1,James Madison,Middle Tennessee,0,6.5,-6.9,13.4,-5,-250,210,44,7,1
2022,1,USC,Rice,0,18.9,-15.2,34.1,-34.5,,,66,14,1
2022,1,Ohio,Florida Atlantic,0,-4.6,-7.1,2.5,1.5,150,-175,41,38,1
2022,1,Tulane,Massachusetts,0,12.4,-30.3,42.7,-31,,,42,10,1
2022,1,Kentucky,Miami (OH),0,13,-12.7,25.7,-21,-1100,650,37,13,1
2022,1,Coastal Carolina,Army,0,0.6,-1.5,2.1,-3,-140,120,38,28,1
2022,1,Florida,Utah,0,10.4,19.2,-8.8,0,120,-140,29,26,1
2022,1,Southern Miss,Liberty,0,-3.5,-1.5,-2.0,4,140,-165,27,29,0
2022,1,Mississippi State,Memphis,0,15.4,6.8,8.6,-13.5,-625,430,49,23,1
2022,1,Ohio State,Notre Dame,0,31.1,10.3,20.8,-14.5,-800,525,21,10,1
2022,1,North Texas,SMU,0,-1.5,4.7,-6.2,7,285,-370,10,48,0
2022,1,Alabama,Utah State,0,30.3,-13.3,43.6,-34,,,55,0,1
2022,1,South Carolina,Georgia State,0,12.7,-3.3,16.0,-11,-480,350,35,14,1
2022,1,Texas,UL Monroe,0,23.1,-15.7,38.8,-38,,,52,10,1
2022,1,Syracuse,Louisville,0,2.5,9,-6.5,4,155,-180,31,7,1
2022,1,Washington,Kent State,0,15.7,-13.1,28.8,-23,-2200,1000,45,20,1
2022,1,Oregon State,Boise State,0,14.3,5.7,8.6,-2,-145,125,34,17,1
2022,1,Hawai'i,Western Kentucky,0,-24.7,1.7,-26.4,9,450,-650,17,49,0
2022,1,Florida State,LSU,1,13.2,16.2,-3.0,3,-165,140,24,23,1
2022,1,Georgia Tech,Clemson,1,-11.8,17.6,-29.4,21,950,-2000,10,41,0
2022,2,UCF,Louisville,0,10.3,9,1.3,-6,-210,175,14,20,0
2022,2,New Mexico,Boise State,0,-26.9,5.7,-32.6,17,525,-800,14,31,0
2022,2,Arkansas,South Carolina,0,12,12.7,-0.7,-9,-320,260,44,30,1
2022,2,Vanderbilt,Wake Forest,0,-4.7,8.2,-12.9,6.5,340,-460,25,45,0
2022,2,Miami,Southern Miss,0,-2.7,-3.5,0.8,-27,,,30,7,1
2022,2,Kansas State,Missouri,0,21.4,8.1,13.3,-8.5,-300,250,40,12,1
2022,2,Army,UTSA,0,-1.5,7.2,-8.7,1.5,130,-150,38,41,0
2022,2,Georgia State,North Carolina,0,-3.3,7.8,-11.1,9.5,215,-260,28,35,0
2022,2,Northwestern,Duke,0,-13.4,5,-18.4,-9,-380,290,23,31,0
2022,2,Penn State,Ohio,0,22.4,-4.6,27.0,-26.5,-2800,1100,46,10,1
2022,2,Ohio State,Arkansas State,0,31.1,-13,44.1,-44,,,45,12,1
2022,2,Texas,Alabama,0,23.1,30.3,-7.2,19.5,775,-1500,19,20,0
2022,2,Central Michigan,South Alabama,0,-14,10.8,-24.8,-6.5,-200,170,24,38,0
2022,2,Ball State,Western Michigan,0,-14.9,-17.3,2.4,6.5,200,-240,30,37,0
2022,2,Notre Dame,Marshall,0,10.3,3,7.3,-19,-1800,850,21,26,0
2022,2,Texas A&M,App State,0,9.1,1.7,7.4,-16.5,-1100,650,14,17,0
2022,2,Pittsburgh,Tennessee,0,8.6,25.2,-16.6,6,185,-225,27,34,0
2022,2,Air Force,Colorado,0,3.9,-20.4,24.3,-16,-900,575,41,10,1
2022,2,Wisconsin,Washington State,0,8.3,9.5,-1.2,-17,-1000,625,14,17,0
2022,2,Navy,Memphis,0,-7.2,6.8,-14.0,6.5,170,-200,13,37,0
2022,2,Charlotte,Maryland,0,-16.4,11.2,-27.6,27,,,21,56,0
2022,2,Illinois,Virginia,0,15.9,-9,24.9,-3.5,-175,150,24,3,1
2022,2,Michigan State,Akron,0,1.2,-23.4,24.6,-34.5,,,52,0,1
2022,2,Colorado State,Middle Tennessee,0,-22.2,-6.9,-15.3,-7,-415,310,19,34,0
2022,2,Iowa,Iowa State,0,12.7,5.3,7.4,-3.5,-175,150,7,10,0
2022,2,Texas Tech,Houston,0,8.5,4.5,4.0,-3,-165,140,33,30,1
2022,2,California,UNLV,0,-3,-11.9,8.9,-13,-480,350,20,14,1
2022,2,West Virginia,Kansas,0,2.4,2.9,-0.5,-13.5,-525,375,42,55,0
2022,2,East Carolina,Old Dominion,0,1.1,-13,14.1,-11,-500,360,39,21,1
2022,2,Liberty,UAB,0,-1.5,-0.5,-1.0,5,200,-240,21,14,1
2022,2,Texas State,Florida International,0,-11.5,-25.5,14.0,-10,-575,400,41,12,1
2022,2,Toledo,Massachusetts,0,-3.7,-30.3,26.6,-30.5,,,55,10,1
2022,2,UConn,Syracuse,0,-14.6,2.5,-17.1,19.5,950,-2000,14,48,0
2022,2,Florida,Kentucky,0,10.4,13,-2.6,-4.5,-220,180,16,26,0
2022,2,Tulsa,Northern Illinois,0,-6.1,-18.8,12.7,-6,-235,195,38,35,1
2022,2,Oklahoma,Kent State,0,15.4,-13.1,28.5,-32,,,33,3,1
2022,2,Louisiana,Eastern Michigan,0,2,-7.1,9.1,-11,-450,335,49,21,1
2022,2,Auburn,San José State,0,5.1,-4.3,9.4,-23,-2800,1100,24,16,1
2022,2,Oklahoma State,Arizona State,0,11.3,-4.1,15.4,-10,-435,325,34,17,1
2022,2,Nebraska,Georgia Southern,0,-1.2,-6.4,5.2,-21.5,-2800,1100,42,45,0
2022,2,Stanford,USC,0,-7.2,18.9,-26.1,10,255,-310,28,41,0
2022,2,Michigan,Hawai'i,0,32,-24.7,56.7,-50,,,56,10,1
2022,2,Virginia Tech,Boston College,0,-9.5,-14.9,5.4,-3,-135,115,27,10,1
2022,2,UTEP,New Mexico State,0,-10.7,-15.4,4.7,-13.5,-850,550,20,13,1
2022,2,BYU,Baylor,0,-1.4,11.7,-13.1,-2.5,-150,130,26,20,1
2022,2,Fresno State,Oregon State,0,3.3,14.3,-11.0,-1,-115,-105,32,35,0
2022,2,Arizona,Mississippi State,0,-3.2,15.4,-18.6,8.5,290,-380,17,39,0
2022,3,Louisville,Florida State,0,9,13.2,-4.2,1.5,130,-150,31,35,0
2022,3,Wyoming,Air Force,0,-10.8,3.9,-14.7,15,500,-750,17,14,1
2022,3,Indiana,Western Kentucky,0,-7.1,1.7,-8.8,-7.5,-280,230,33,30,1
2022,3,Nebraska,Oklahoma,0,-1.2,15.4,-16.6,14,325,-450,14,49,0
2022,3,Baylor,Texas State,0,11.7,-11.5,23.2,-30,,,42,7,1
2022,3,Michigan,UConn,0,32,-14.6,46.6,-47,,,59,0,1
2022,3,South Carolina,Georgia,0,12.7,35.3,-22.6,24.5,1200,-4000,7,48,0
2022,3,Miami (OH),Cincinnati,1,-12.7,13.1,-25.8,20,1050,-2500,17,38,0
2022,3,Syracuse,Purdue,0,2.5,7.7,-5.2,1,-120,105,32,29,1
2022,3,Coastal Carolina,Buffalo,0,0.6,-9.2,9.8,-18.5,-500,360,38,26,1
2022,3,Temple,Rutgers,0,-12.9,-9.1,-3.8,17,625,-1000,14,16,0
2022,3,Virginia,Old Dominion,0,-9,-13,4,-10.5,-330,265,16,14,1
2022,3,Iowa State,Ohio,0,5.3,-4.6,9.9,-21.5,-1100,650,43,10,1
2022,3,UCLA,South Alabama,0,15,10.8,4.2,-14,-650,450,32,31,1
2022,3,Notre Dame,California,0,10.3,-3,13.3,-12.5,-480,350,24,17,1
2022,3,Kansas State,Tulane,0,21.4,12.4,9.0,-16.5,-625,430,10,17,0
2022,3,UNLV,North Texas,0,-11.9,-1.5,-10.4,-2.5,-135,115,58,27,1
2022,3,Georgia Tech,Ole Miss,0,-11.8,16.2,-28.0,14.5,525,-800,0,42,0
2022,3,Minnesota,Colorado,0,16,-20.4,36.4,-27,-6500,1350,49,7,1
2022,3,Northern Illinois,Vanderbilt,0,-18.8,-4.7,-14.1,-1.5,-130,110,28,38,0
2022,3,Auburn,Penn State,0,5.1,22.4,-17.3,3,120,-140,12,41,0
2022,3,App State,Troy,0,1.7,8.1,-6.4,-13,-550,390,32,28,1
2022,3,Wisconsin,New Mexico State,0,8.3,-15.4,23.7,-37,,,66,7,1
2022,3,Oregon,BYU,0,18.9,-1.4,20.3,-4,-170,145,41,20,1
2022,3,UAB,Georgia Southern,0,-0.5,-6.4,5.9,-12,-440,330,35,21,1
2022,3,Houston,Kansas,0,4.5,2.9,1.6,-10.5,-310,255,30,48,0
2022,3,Alabama,UL Monroe,0,30.3,-15.7,46.0,-50,,,63,7,1
2022,3,Washington State,Colorado State,0,9.5,-22.2,31.7,-16.5,-800,525,38,7,1
2022,3,Bowling Green,Marshall,0,-18.1,3,-21.1,18.5,500,-750,34,31,1
2022,3,Wake Forest,Liberty,0,8.2,-1.5,9.7,-17,-750,500,37,36,1
2022,3,LSU,Mississippi State,0,16.2,15.4,0.8,2.5,120,-140,31,16,1
2022,3,NC State,Texas Tech,0,6.8,8.5,-1.7,-10,-370,285,27,14,1
2022,3,Georgia State,Charlotte,0,-3.3,-16.4,13.1,-19.5,-1500,775,41,42,0
2022,3,Memphis,Arkansas State,0,6.8,-13,19.8,-13.5,-600,425,44,32,1
2022,3,Ohio State,Toledo,0,31.1,-3.7,34.8,-31.5,,,77,21,1
2022,3,Tennessee,Akron,0,25.2,-23.4,48.6,-47.5,,,63,6,1
2022,3,Florida,South Florida,0,10.4,-17,27.4,-24.5,-2800,1100,31,28,1
2022,3,Iowa,Nevada,0,12.7,-22.4,35.1,-21.5,-3500,1125,27,0,1
2022,3,Florida Atlantic,UCF,0,-7.1,10.3,-17.4,9.5,240,-290,14,40,0
2022,3,Washington,Michigan State,0,15.7,1.2,14.5,-1,-165,140,39,28,1
2022,3,Western Michigan,Pittsburgh,0,-17.3,8.6,-25.9,10,315,-420,13,34,0
2022,3,Maryland,SMU,0,11.2,4.7,6.5,-2.5,-145,125,34,27,1
2022,3,Rice,Louisiana,0,-15.2,2,-17.2,11.5,315,-420,33,21,1
2022,3,New Mexico,UTEP,0,-26.9,-10.7,-16.2,3.5,115,-135,27,10,1
2022,3,Clemson,Louisiana Tech,0,17.6,-17.8,35.4,-32,,,48,20,1
2022,3,Texas,UTSA,0,23.1,7.2,15.9,-13.5,-500,360,41,20,1
2022,3,Texas A&M,Miami,0,9.1,-2.7,11.8,-6,-210,175,17,9,1
2022,3,Utah,San Diego State,0,19.2,-4.4,23.6,-21,-1800,850,35,7,1
2022,3,USC,Fresno State,0,18.9,3.3,15.6,-13,-450,335,45,17,1
2022,3,Arizona State,Eastern Michigan,0,-4.1,-7.1,3.0,-19.5,-1300,725,21,30,0
2022,4,Georgia State,Coastal Carolina,0,-3.3,0.6,-3.9,1.5,110,-130,24,41,0
2022,4,Virginia Tech,West Virginia,0,-9.5,2.4,-11.9,3,125,-145,10,33,0
2022,4,Syracuse,Virginia,0,2.5,-9,11.5,-9.5,-400,300,22,20,1
2022,4,Air Force,Nevada,0,3.9,-22.4,26.3,-25,-4500,1250,48,20,1
2022,4,UTEP,Boise State,0,-10.7,5.7,-16.4,15.5,525,-800,27,10,1
2022,4,Auburn,Missouri,0,5.1,8.1,-3.0,-6.5,-280,230,17,14,1
2022,4,Penn State,Central Michigan,0,22.4,-14,36.4,-26,-5000,1300,33,14,1
2022,4,Iowa State,Baylor,0,5.3,11.7,-6.4,-1,-140,120,24,31,0
2022,4,Mississippi State,Bowling Green,0,15.4,-18.1,33.5,-29,,,45,14,1
2022,4,SMU,TCU,0,4.7,24.3,-19.6,0,-120,,34,42,0
2022,4,Michigan,Maryland,0,32,11.2,20.8,-17.5,-850,550,34,27,1
2022,4,Louisville,South Florida,0,9,-17,26,-13,-550,390,41,3,1
2022,4,Eastern Michigan,Buffalo,0,-7.1,-9.2,2.1,-4.5,-200,170,31,50,0
2022,4,Kansas,Duke,0,2.9,5,-2.1,-9,-330,265,35,27,1
2022,4,Georgia,Kent State,0,35.3,-13.1,48.4,-42,,,39,22,1
2022,4,Wake Forest,Clemson,0,8.2,17.6,-9.4,7,235,-285,45,51,0
2022,4,Temple,Massachusetts,0,-12.9,-30.3,17.4,-9.5,-370,285,28,0,1
2022,4,Colorado,UCLA,0,-20.4,15,-35.4,21,800,-1600,17,45,0
2022,4,San Diego State,Toledo,0,-4.4,-3.7,-0.7,0,130,-150,17,14,1
2022,4,Memphis,North Texas,0,6.8,-1.5,8.3,-12.5,-470,345,44,34,1
2022,4,Tennessee,Florida,0,25.2,10.4,14.8,-9.5,-400,300,38,33,1
2022,4,App State,James Madison,0,1.7,6.5,-4.8,-9,-285,235,28,32,0
2022,4,Cincinnati,Indiana,0,13.1,-7.1,20.2,-14,-800,525,45,24,1
2022,4,Michigan State,Minnesota,0,1.2,16,-14.8,-2,,-120,7,34,0
2022,4,North Carolina,Notre Dame,0,7.8,10.3,-2.5,1,-130,110,32,45,0
2022,4,Western Kentucky,Florida International,0,1.7,-25.5,27.2,-27.5,,,73,0,1
2022,4,Miami,Middle Tennessee,0,-2.7,-6.9,4.2,-26,-5000,1300,31,45,0
2022,4,Texas Tech,Texas,0,8.5,23.1,-14.6,4.5,220,-270,37,34,1
2022,4,Washington State,Oregon,0,9.5,18.9,-9.4,6,195,-235,41,44,0
2022,4,UCF,Georgia Tech,0,10.3,-11.8,22.1,-18,-1200,700,27,10,1
2022,4,Ole Miss,Tulsa,0,16.2,-6.1,22.3,-20.5,-1500,775,35,27,1
2022,4,California,Arizona,0,-3,-3.2,0.2,-4,-160,135,49,31,1
2022,4,Liberty,Akron,0,-1.5,-23.4,21.9,-27.5,-6000,1325,21,12,1
2022,4,Georgia Southern,Ball State,0,-6.4,-14.9,8.5,-8.5,-340,270,34,23,1
2022,4,Old Dominion,Arkansas State,0,-13,-13,0,-3.5,-220,180,29,26,1
2022,4,Houston,Rice,0,4.5,-15.2,19.7,-17,-900,575,34,27,1
2022,4,East Carolina,Navy,0,1.1,-7.2,8.3,-17.5,-900,575,20,23,0
2022,4,Utah State,UNLV,0,-13.3,-11.9,-1.4,3,120,-140,24,34,0
2022,4,Troy,Marshall,0,8.1,3,5.1,4,135,-160,16,7,1
2022,4,Kentucky,Northern Illinois,0,13,-18.8,31.8,-25,-5000,1300,31,23,1
2022,4,South Alabama,Louisiana Tech,0,10.8,-17.8,28.6,-12.5,-525,375,38,14,1
2022,4,Tulane,Southern Miss,0,12.4,-3.5,15.9,-11.5,-460,340,24,27,0
2022,4,Texas A&M,Arkansas,1,9.1,12,-2.9,-2,-135,115,23,21,1
2022,4,Rutgers,Iowa,0,-9.1,12.7,-21.8,7,250,-300,10,27,0
2022,4,South Carolina,Charlotte,0,12.7,-16.4,29.1,-23,-2500,1050,56,20,1
2022,4,LSU,New Mexico,0,16.2,-26.9,43.1,-29,,,38,0,1
2022,4,Alabama,Vanderbilt,0,30.3,-4.7,35.0,-40,,,55,3,1
2022,4,Ohio State,Wisconsin,0,31.1,8.3,22.8,-18,-1200,700,52,21,1
2022,4,Northwestern,Miami (OH),0,-13.4,-12.7,-0.7,-6.5,-260,215,14,17,0
2022,4,NC State,UConn,0,6.8,-14.6,21.4,-39.5,,,41,10,1
2022,4,Purdue,Florida Atlantic,0,7.7,-7.1,14.8,-19.5,-1000,625,28,26,1
2022,4,Oklahoma,Kansas State,0,15.4,21.4,-6.0,-13,-550,390,34,41,0
2022,4,Florida State,Boston College,0,13.2,-14.9,28.1,-16.5,-1100,650,44,14,1
2022,4,UL Monroe,Louisiana,0,-15.7,2,-17.7,10.5,300,-400,21,17,1
2022,4,New Mexico State,Hawai'i,0,-15.4,-24.7,9.3,-2,-200,170,45,26,1
2022,4,Oregon State,USC,0,14.3,18.9,-4.6,7,220,-270,14,17,0
2022,4,BYU,Wyoming,0,-1.4,-10.8,9.4,-21,-1800,850,38,24,1
2022,4,Arizona State,Utah,0,-4.1,19.2,-23.3,16,430,-625,13,34,0
2022,4,San José State,Western Michigan,0,-4.3,-17.3,13.0,-3.5,-240,200,34,6,1
2022,4,Washington,Stanford,0,15.7,-7.2,22.9,-11.5,-550,390,40,22,1
2022,5,BYU,Utah State,0,-1.4,-13.3,11.9,-24,-4500,1250,38,26,1
2022,5,Houston,Tulane,0,4.5,12.4,-7.9,-3,-220,180,24,27,0
2022,5,Middle Tennessee,UTSA,0,-6.9,7.2,-14.1,6,175,-190,30,45,0
2022,5,Boise State,San Diego State,0,5.7,-4.4,10.1,-5.5,-250,210,35,13,1
2022,5,UCLA,Washington,0,15,15.7,-0.7,3,120,-140,40,32,1
2022,5,UNLV,New Mexico,0,-11.9,-26.9,15.0,-16,-850,550,31,20,1
2022,5,Kansas State,Texas Tech,0,21.4,8.5,12.9,-7.5,-300,250,37,28,1
2022,5,Air Force,Navy,0,3.9,-7.2,11.1,-16,-700,475,13,10,1
2022,5,Memphis,Temple,0,6.8,-12.9,19.7,-20.5,-1600,800,24,3,1
2022,5,Minnesota,Purdue,0,16,7.7,8.3,-10,-350,275,10,20,0
2022,5,Army,Georgia State,0,-1.5,-3.3,1.8,-9.5,-330,265,14,31,0
2022,5,Ole Miss,Kentucky,0,16.2,13,3.2,-6,-270,220,22,19,1
2022,5,Boston College,Louisville,0,-14.9,9,-23.9,16,500,-750,34,33,1
2022,5,Wisconsin,Illinois,0,8.3,15.9,-7.6,-8.5,-320,260,10,34,0
2022,5,TCU,Oklahoma,0,24.3,15.4,8.9,5,215,,55,24,1
2022,5,Iowa,Michigan,0,12.7,32,-19.3,10,300,-400,14,27,0
2022,5,James Madison,Texas State,0,6.5,-11.5,18.0,-20.5,-2500,1050,40,13,1
2022,5,Utah,Oregon State,0,19.2,14.3,4.9,-11,-400,300,42,16,1
2022,5,Eastern Michigan,Massachusetts,0,-7.1,-30.3,23.2,-20,-1500,775,20,13,1
2022,5,Ball State,Northern Illinois,0,-14.9,-18.8,3.9,3.5,135,-160,44,38,1
2022,5,South Florida,East Carolina,1,-17,1.1,-18.1,8,270,-340,28,48,0
2022,5,UConn,Fresno State,0,-14.6,3.3,-17.9,24,1050,-2500,19,14,1
2022,5,Florida State,Wake Forest,0,13.2,8.2,5.0,-6,-250,210,21,31,0
2022,5,Maryland,Michigan State,0,11.2,1.2,10.0,-7.5,-290,240,27,13,1
2022,5,Arkansas,Alabama,0,12,30.3,-18.3,16,550,-850,26,49,0
2022,5,Toledo,Central Michigan,0,-3.7,-14,10.3,-6.5,-280,230,38,17,1
2022,5,Kansas,Iowa State,0,2.9,5.3,-2.4,3,140,-165,14,11,1
2022,5,Kent State,Ohio,0,-13.1,-4.6,-8.5,-7,-390,295,31,24,1
2022,5,Baylor,Oklahoma State,0,11.7,11.3,0.4,-2.5,-135,115,25,36,0
2022,5,Ohio State,Rutgers,0,31.1,-9.1,40.2,-41,,,49,10,1
2022,5,North Carolina,Virginia Tech,0,7.8,-9.5,17.3,-8.5,-320,260,41,10,1
2022,5,Buffalo,Miami (OH),0,-9.2,-12.7,3.5,1.5,-110,-110,24,20,1
2022,5,Akron,Bowling Green,0,-23.4,-18.1,-5.3,6.5,300,-400,28,31,0
2022,5,Penn State,Northwestern,0,22.4,-13.4,35.8,-25.5,-8000,1450,17,7,1
2022,5,Mississippi State,Texas A&M,0,15.4,9.1,6.3,-2.5,-170,145,42,24,1
2022,5,North Texas,Florida Atlantic,0,-1.5,-7.1,5.6,3,135,-160,45,28,1
2022,5,Louisiana,South Alabama,0,2,10.8,-8.8,5.5,280,-360,17,20,0
2022,5,Washington State,California,0,9.5,-3,12.5,-4.5,-195,165,28,9,1
2022,5,Charlotte,UTEP,0,-16.4,-10.7,-5.7,3,120,-140,35,41,0
2022,5,Old Dominion,Liberty,0,-13,-1.5,-11.5,2,145,-170,24,38,0
2022,5,Coastal Carolina,Georgia Southern,0,0.6,-6.4,7.0,-10,-390,295,34,30,1
2022,5,Tulsa,Cincinnati,0,-6.1,13.1,-19.2,12,280,-360,21,31,0
2022,5,Arkansas State,UL Monroe,0,-13,-15.7,2.7,-7.5,-280,230,45,28,1
2022,5,Western Kentucky,Troy,0,1.7,8.1,-6.4,-6,-210,175,27,34,0
2022,5,Auburn,LSU,0,5.1,16.2,-11.1,7.5,255,-310,17,21,0
2022,5,Nebraska,Indiana,0,-1.2,-7.1,5.9,-3.5,-230,190,35,21,1
2022,5,Texas,West Virginia,0,23.1,2.4,20.7,-10,-290,240,38,20,1
2022,5,Clemson,NC State,0,17.6,6.8,10.8,-7,-270,220,30,20,1
2022,5,Duke,Virginia,0,5,-9,14,-1.5,-130,110,38,17,1
2022,5,Rice,UAB,0,-15.2,-0.5,-14.7,9.5,295,-390,28,24,1
2022,5,Missouri,Georgia,0,8.1,35.3,-27.2,27.5,1325,-6000,22,26,0
2022,5,Wyoming,San José State,0,-10.8,-4.3,-6.5,-1,-105,-115,16,33,0
2022,5,Pittsburgh,Georgia Tech,0,8.6,-11.8,20.4,-20,-2500,1050,21,26,0
2022,5,New Mexico State,Florida International,0,-15.4,-25.5,10.1,-15,-600,425,7,21,0
2022,5,Arizona,Colorado,0,-3.2,-20.4,17.2,-18,-1000,625,43,20,1
2022,5,USC,Arizona State,0,18.9,-4.1,23.0,-24,-5000,1300,42,25,1
2022,5,Oregon,Stanford,0,18.9,-7.2,26.1,-16,-750,500,45,27,1
2022,6,UCF,SMU,0,10.3,4.7,5.6,-3.5,-165,140,41,19,1
2022,6,Rutgers,Nebraska,0,-9.1,-1.2,-7.9,2.5,130,-150,13,14,0
2022,6,Memphis,Houston,0,6.8,4.5,2.3,-3,-145,125,32,33,0
2022,6,Nevada,Colorado State,0,-22.4,-22.2,-0.2,-3,-175,150,14,17,0
2022,6,San José State,UNLV,0,-4.3,-11.9,7.6,-5,-210,175,40,7,1
2022,6,Western Michigan,Eastern Michigan,0,-17.3,-7.1,-10.2,-4,-230,190,23,45,0
2022,6,Bowling Green,Buffalo,0,-18.1,-9.2,-8.9,-1.5,110,-130,7,38,0
2022,6,Mississippi State,Arkansas,0,15.4,12,3.4,-6,-320,260,40,17,1
2022,6,LSU,Tennessee,0,16.2,25.2,-9.0,3,130,-150,13,40,0
2022,6,Florida,Missouri,0,10.4,8.1,2.3,-10,-435,325,24,17,1
2022,6,Maryland,Purdue,0,11.2,7.7,3.5,-3.5,-150,130,29,31,0
2022,6,Indiana,Michigan,0,-7.1,32,-39.1,21.5,1000,-2200,10,31,0
2022,6,Oklahoma,Texas,1,15.4,23.1,-7.7,6,260,-320,0,49,0
2022,6,Virginia,Louisville,0,-9,9,-18,4.5,125,-120,17,34,0
2022,6,Kansas,TCU,0,2.9,24.3,-21.4,5.5,225,-275,31,38,0
2022,6,Georgia State,Georgia Southern,0,-3.3,-6.4,3.1,-2.5,-135,115,41,33,1
2022,6,Ohio,Akron,0,-4.6,-23.4,18.8,-11.5,-430,320,55,34,1
2022,6,Cincinnati,South Florida,0,13.1,-17,30.1,-27.5,,,28,24,1
2022,6,Oklahoma State,Texas Tech,0,11.3,8.5,2.8,-10,-350,275,41,31,1
2022,6,UAB,Middle Tennessee,0,-0.5,-6.9,6.4,-9.5,-340,270,41,14,1
2022,6,Georgia,Auburn,0,35.3,5.1,30.2,-28.5,,,42,10,1
2022,6,Navy,Tulsa,0,-7.2,-6.1,-1.1,6,165,-195,53,21,1
2022,6,Central Michigan,Ball State,0,-14,-14.9,0.9,-9,-340,270,16,17,0
2022,6,Northwestern,Wisconsin,0,-13.4,8.3,-21.7,9.5,300,-400,7,42,0
2022,6,Northern Illinois,Toledo,0,-18.8,-3.7,-15.1,6,190,-230,32,52,0
2022,6,UCLA,Utah,0,15,19.2,-4.2,3.5,165,-195,42,32,1
2022,6,Massachusetts,Liberty,0,-30.3,-1.5,-28.8,25.5,1125,-3000,24,42,0
2022,6,Tulane,East Carolina,0,12.4,1.1,11.3,-3,-160,135,24,9,1
2022,6,Pittsburgh,Virginia Tech,0,8.6,-9.5,18.1,-14.5,-650,450,45,29,1
2022,6,Miami (OH),Kent State,0,-12.7,-13.1,0.4,3.5,190,-230,27,24,1
2022,6,Michigan State,Ohio State,0,1.2,31.1,-29.9,25.5,,,20,49,0
2022,6,Georgia Tech,Duke,0,-11.8,5,-16.8,3.5,125,-145,23,20,1
2022,6,Arizona State,Washington,0,-4.1,15.7,-19.8,13,390,-550,45,38,1
2022,6,Miami,North Carolina,0,-2.7,7.8,-10.5,-3,-170,145,24,27,0
2022,6,Vanderbilt,Ole Miss,0,-4.7,16.2,-20.9,18.5,700,-1200,28,52,0
2022,6,UTSA,Western Kentucky,0,7.2,1.7,5.5,-5,-250,210,31,28,1
2022,6,Louisiana Tech,UTEP,0,-17.8,-10.7,-7.1,-1.5,-150,130,41,31,1
2022,6,New Mexico,Wyoming,0,-26.9,-10.8,-16.1,3.5,145,-170,14,27,0
2022,6,Utah State,Air Force,0,-13.3,3.9,-17.2,9,290,-380,34,27,1
2022,6,Troy,Southern Miss,0,8.1,-3.5,11.6,-6.5,-250,210,27,10,1
2022,6,Arkansas State,James Madison,0,-13,6.5,-19.5,10.5,295,-390,20,42,0
2022,6,Texas State,App State,0,-11.5,1.7,-13.2,19,700,-1200,36,24,1
2022,6,Florida International,UConn,0,-25.5,-14.6,-10.9,4.5,170,-200,12,33,0
2022,6,Iowa State,Kansas State,0,5.3,21.4,-16.1,2,110,-130,9,10,0
2022,6,Illinois,Iowa,0,15.9,12.7,3.2,-4,-175,150,9,6,1
2022,6,Boston College,Clemson,0,-14.9,17.6,-32.5,20.5,850,-1800,3,31,0
2022,6,Kentucky,South Carolina,0,13,12.7,0.3,-10.5,-195,165,14,24,0
2022,6,USC,Washington State,0,18.9,9.5,9.4,-11,-550,,30,14,1
2022,6,Wake Forest,Army,0,8.2,-1.5,9.7,-15.5,-850,550,45,10,1
2022,6,Notre Dame,BYU,1,10.3,-1.4,11.7,-2.5,-195,165,28,20,1
2022,6,UL Monroe,Coastal Carolina,0,-15.7,0.6,-16.3,15,425,-600,21,28,0
2022,6,NC State,Florida State,0,6.8,13.2,-6.4,-3.5,,140,19,17,1
2022,6,Alabama,Texas A&M,0,30.3,9.1,21.2,-24,-2800,1100,24,20,1
2022,6,Arizona,Oregon,0,-3.2,18.9,-22.1,11,375,-525,22,49,0
2022,6,Boise State,Fresno State,0,5.7,3.3,2.4,-7,-290,240,40,20,1
2022,6,San Diego State,Hawai'i,0,-4.4,-24.7,20.3,-21,-1800,850,16,14,1
2022,6,Stanford,Oregon State,0,-7.2,14.3,-21.5,7,170,-200,27,28,0
2022,7,Marshall,Louisiana,0,3,2,1,-7.5,-310,255,13,23,0
2022,7,West Virginia,Baylor,0,2.4,11.7,-9.3,3.5,145,-170,43,40,1
2022,7,UCF,Temple,0,10.3,-12.9,23.2,-24.5,-2800,1100,70,13,1
2022,7,SMU,Navy,0,4.7,-7.2,11.9,-11,-450,335,40,34,1
2022,7,Florida International,UTSA,0,-25.5,7.2,-32.7,34,,,10,30,0
2022,7,Akron,Central Michigan,0,-23.4,-14,-9.4,13.5,390,-550,21,28,0
2022,7,Bowling Green,Miami (OH),0,-18.1,-12.7,-5.4,7,210,-250,17,13,1
2022,7,Coastal Carolina,Old Dominion,0,0.6,-13,13.6,-11,-450,335,21,49,0
2022,7,Oklahoma,Kansas,0,15.4,2.9,12.5,-7,-350,275,52,42,1
2022,7,Illinois,Minnesota,0,15.9,16,-0.1,3.5,170,-200,26,14,1
2022,7,Texas,Iowa State,0,23.1,5.3,17.8,-14.5,-850,550,24,21,1
2022,7,Michigan,Penn State,0,32,22.4,9.6,-7.5,-280,230,41,17,1
2022,7,Ole Miss,Auburn,0,16.2,5.1,11.1,-15.5,-700,475,48,34,1
2022,7,Virginia Tech,Miami,0,-9.5,-2.7,-6.8,7,250,-300,14,20,0
2022,7,Massachusetts,Buffalo,0,-30.3,-9.2,-21.1,16,550,-850,7,34,0
2022,7,Ball State,UConn,0,-14.9,-14.6,-0.3,-9.5,-360,280,25,21,1
2022,7,Colorado,California,0,-20.4,-3,-17.4,14.5,460,-675,20,13,1
2022,7,Middle Tennessee,Western Kentucky,0,-6.9,1.7,-8.6,7,220,-270,17,35,0
2022,7,Toledo,Kent State,0,-3.7,-13.1,9.4,-9,-310,255,52,31,1
2022,7,TCU,Oklahoma State,0,24.3,11.3,13.0,-3.5,-180,155,43,40,1
2022,7,Tennessee,Alabama,0,25.2,30.3,-5.1,7,260,-320,52,49,1
2022,7,UAB,Charlotte,0,-0.5,-16.4,15.9,-23.5,-2800,1100,34,20,1
2022,7,Syracuse,NC State,0,2.5,6.8,-4.3,-6,-160,135,24,9,1
2022,7,BYU,Arkansas,0,-1.4,12,-13.4,-3,-160,135,35,52,0
2022,7,Eastern Michigan,Northern Illinois,0,-7.1,-18.8,11.7,-3,-165,140,10,39,0
2022,7,Western Michigan,Ohio,0,-17.3,-4.6,-12.7,-2,-125,105,14,33,0
2022,7,Indiana,Maryland,0,-7.1,11.2,-18.3,10.5,300,-400,33,38,0
2022,7,Georgia,Vanderbilt,0,35.3,-4.7,40.0,-38,,,55,0,1
2022,7,Troy,Texas State,0,8.1,-11.5,19.6,-16,-850,550,17,14,1
2022,7,Michigan State,Wisconsin,0,1.2,8.3,-7.1,5.5,180,-220,34,28,1
2022,7,Georgia Southern,James Madison,0,-6.4,6.5,-12.9,10.5,295,-390,45,38,1
2022,7,North Texas,Louisiana Tech,0,-1.5,-17.8,16.3,-6,-230,190,47,27,1
2022,7,South Florida,Tulane,0,-17,12.4,-29.4,10.5,300,-400,31,45,0
2022,7,Washington,Arizona,0,15.7,-3.2,18.9,-15.5,,500,49,39,1
2022,7,Florida Atlantic,Rice,0,-7.1,-15.2,8.1,-5,-210,175,17,14,1
2022,7,Southern Miss,Arkansas State,0,-3.5,-13,9.5,-4,-175,150,20,19,1
2022,7,South Alabama,UL Monroe,0,10.8,-15.7,26.5,-17.5,-950,600,41,34,1
2022,7,Florida,LSU,0,10.4,16.2,-5.8,-3,-135,115,35,45,0
2022,7,Colorado State,Utah State,0,-22.2,-13.3,-8.9,9,275,-350,13,17,0
2022,7,Purdue,Nebraska,0,7.7,-1.2,8.9,-11.5,-450,335,43,37,1
2022,7,Notre Dame,Stanford,0,10.3,-7.2,17.5,-15,-750,500,14,16,0
2022,7,Florida State,Clemson,0,13.2,17.6,-4.4,4,165,-195,28,34,0
2022,7,East Carolina,Memphis,0,1.1,6.8,-5.7,-3.5,-175,150,47,45,1
2022,7,Kentucky,Mississippi State,0,13,15.4,-2.4,6,155,-180,27,17,1
2022,7,Utah,USC,0,19.2,18.9,0.3,-3.5,-170,145,43,42,1
2022,7,New Mexico State,New Mexico,0,-15.4,-26.9,11.5,6,190,-230,21,9,1
2022,7,Duke,North Carolina,0,5,7.8,-2.8,6,180,-220,35,38,0
2022,7,Oregon State,Washington State,0,14.3,9.5,4.8,-3.5,-165,140,24,10,1
2022,7,UNLV,Air Force,0,-11.9,3.9,-15.8,9.5,280,-360,7,42,0
2022,7,Fresno State,San José State,0,3.3,-4.3,7.6,6.5,210,-250,17,10,1
2022,7,Hawai'i,Nevada,0,-24.7,-22.4,-2.3,4.5,170,-200,31,16,1
2022,8,App State,Georgia State,0,1.7,-3.3,5.0,-10,-400,300,42,17,1
2022,8,Georgia Tech,Virginia,0,-11.8,-9,-2.8,-3.5,-150,130,9,16,0
2022,8,South Alabama,Troy,0,10.8,8.1,2.7,-3.5,-165,140,6,10,0
2022,8,Temple,Tulsa,0,-12.9,-6.1,-6.8,13,335,-450,16,27,0
2022,8,Western Kentucky,UAB,0,1.7,-0.5,2.2,-2.5,-135,115,20,17,1
2022,8,Navy,Houston,0,-7.2,4.5,-11.7,3,135,-160,20,38,0
2022,8,Baylor,Kansas,0,11.7,2.9,8.8,-9,-400,300,35,23,1
2022,8,Kent State,Akron,0,-13.1,-23.4,10.3,-19.5,-800,525,33,27,1
2022,8,SMU,Cincinnati,0,4.7,13.1,-8.4,3,145,-170,27,29,0
2022,8,Clemson,Syracuse,0,17.6,2.5,15.1,-13,-575,400,27,21,1
2022,8,Ohio State,Iowa,0,31.1,12.7,18.4,-29,,,54,10,1
2022,8,Army,UL Monroe,0,-1.5,-15.7,14.2,-7.5,-280,230,48,24,1
2022,8,Rutgers,Indiana,0,-9.1,-7.1,-2.0,-3,-145,125,24,17,1
2022,8,Miami,Duke,0,-2.7,5,-7.7,-9,-310,255,21,45,0
2022,8,Central Michigan,Bowling Green,0,-14,-18.1,4.1,-7.5,-250,210,18,34,0
2022,8,Buffalo,Toledo,0,-9.2,-3.7,-5.5,7.5,250,-300,34,27,1
2022,8,Ball State,Eastern Michigan,0,-14.9,-7.1,-7.8,-3,-135,115,16,20,0
2022,8,Ohio,Northern Illinois,0,-4.6,-18.8,14.2,1.5,120,-140,24,17,1
2022,8,Notre Dame,UNLV,0,10.3,-11.9,22.2,-24,-5000,1300,44,21,1
2022,8,Texas Tech,West Virginia,0,8.5,2.4,6.1,-4,-280,230,48,10,1
2022,8,Louisiana Tech,Rice,0,-17.8,-15.2,-2.6,2.5,130,-150,41,42,0
2022,8,Wake Forest,Boston College,0,8.2,-14.9,23.1,-20.5,-1600,800,43,15,1
2022,8,Maryland,Northwestern,0,11.2,-13.4,24.6,-14,-575,400,31,24,1
2022,8,Wisconsin,Purdue,0,8.3,7.7,0.6,-1.5,-130,110,35,24,1
2022,8,Oregon,UCLA,0,18.9,15,3.9,-6,-230,190,45,30,1
2022,8,Miami (OH),Western Michigan,0,-12.7,-17.3,4.6,-5.5,-230,190,10,16,0
2022,8,James Madison,Marshall,0,6.5,3,3.5,-12.5,-340,270,12,26,0
2022,8,UTSA,North Texas,0,7.2,-1.5,8.7,-9.5,-390,295,31,27,1
2022,8,Old Dominion,Georgia Southern,0,-13,-6.4,-6.6,-2.5,-130,110,23,28,0
2022,8,Tulane,Memphis,0,12.4,6.8,5.6,-6,-270,220,38,28,1
2022,8,Oklahoma State,Texas,0,11.3,23.1,-11.8,4,170,-200,41,34,1
2022,8,Liberty,BYU,0,-1.5,-1.4,-0.1,5.5,220,-270,41,14,1
2022,8,Charlotte,Florida International,0,-16.4,-25.5,9.1,-14.5,-650,450,15,34,0
2022,8,LSU,Ole Miss,0,16.2,16.2,0.0,1.5,-125,,45,20,1
2022,8,UTEP,Florida Atlantic,0,-10.7,-7.1,-3.6,4,160,-185,24,21,1
2022,8,Colorado State,Hawai'i,0,-22.2,-24.7,2.5,-5.5,-195,165,17,13,1
2022,8,Stanford,Arizona State,0,-7.2,-4.1,-3.1,-3.5,-150,130,15,14,1
2022,8,Missouri,Vanderbilt,0,8.1,-4.7,12.8,-15,-650,450,17,14,1
2022,8,Louisiana,Arkansas State,0,2,-13,15,-7,-250,210,38,18,1
2022,8,Texas State,Southern Miss,0,-11.5,-3.5,-8.0,1,110,-130,14,20,0
2022,8,New Mexico,Fresno State,0,-26.9,3.3,-30.2,12.5,360,-500,9,41,0
2022,8,Alabama,Mississippi State,0,30.3,15.4,14.9,-21.5,-1600,800,30,6,1
2022,8,Air Force,Boise State,0,3.9,5.7,-1.8,-4,-175,150,14,19,0
2022,8,East Carolina,UCF,0,1.1,10.3,-9.2,4.5,175,-210,34,13,1
2022,8,Penn State,Minnesota,0,22.4,16,6.4,-5,-210,175,45,17,1
2022,8,South Carolina,Texas A&M,0,12.7,9.1,3.6,3.5,135,-160,30,24,1
2022,8,Louisville,Pittsburgh,0,9,8.6,0.4,-1.5,-140,120,24,10,1
2022,8,Oregon State,Colorado,0,14.3,-20.4,34.7,-23.5,-3500,1125,42,9,1
2022,8,TCU,Kansas State,0,24.3,21.4,2.9,-5,-200,170,38,28,1
2022,8,Wyoming,Utah State,0,-10.8,-13.3,2.5,-3.5,-170,145,28,14,1
2022,8,Nevada,San Diego State,0,-22.4,-4.4,-18.0,9,240,-290,7,23,0
2022,8,California,Washington,0,-3,15.7,-18.7,7.5,250,-300,21,28,0
2022,9,NC State,Virginia Tech,0,6.8,-9.5,16.3,-13.5,-585,410,22,21,1
2022,9,Southern Miss,Louisiana,0,-3.5,2,-5.5,2,-125,105,39,24,1
2022,9,Washington State,Utah,0,9.5,19.2,-9.7,,,-330,17,21,0
2022,9,BYU,East Carolina,0,-1.4,1.1,-2.5,-3,-150,130,24,27,0
2022,9,Florida International,Louisiana Tech,0,-25.5,-17.8,-7.7,9.5,200,-240,42,34,1
2022,9,Syracuse,Notre Dame,0,2.5,10.3,-7.8,-2,-140,120,24,41,0
2022,9,UConn,Boston College,0,-14.6,-14.9,0.3,9,275,-350,13,3,1
2022,9,West Virginia,TCU,0,2.4,24.3,-21.9,6.5,255,-310,31,41,0
2022,9,Penn State,Ohio State,0,22.4,31.1,-8.7,15,475,-700,31,44,0
2022,9,Houston,South Florida,0,4.5,-17,21.5,-18,-1100,650,42,27,1
2022,9,Florida State,Georgia Tech,0,13.2,-11.8,25.0,-20.5,-2800,1100,41,16,1
2022,9,Iowa State,Oklahoma,0,5.3,15.4,-10.1,2.5,,-120,13,27,0
2022,9,Akron,Miami (OH),0,-23.4,-12.7,-10.7,9,270,-340,9,27,0
2022,9,Eastern Michigan,Toledo,0,-7.1,-3.7,-3.4,8.5,265,-330,24,27,0
2022,9,Auburn,Arkansas,0,5.1,12,-6.9,4,160,-185,27,41,0
2022,9,Virginia,Miami,0,-9,-2.7,-6.3,2.5,120,-140,12,14,0
2022,9,Rice,Charlotte,0,-15.2,-16.4,1.2,-16.5,-900,575,23,56,0
2022,9,Minnesota,Rutgers,0,16,-9.1,25.1,-14,-600,425,31,0,1
2022,9,Georgia State,Old Dominion,0,-3.3,-13,9.7,-4,-180,155,31,17,1
2022,9,Iowa,Northwestern,0,12.7,-13.4,26.1,-11,-430,320,33,13,1
2022,9,Massachusetts,New Mexico State,0,-30.3,-15.4,-14.9,3,125,-145,13,23,0
2022,9,Nebraska,Illinois,0,-1.2,15.9,-17.1,6,230,-280,9,26,0
2022,9,Navy,Temple,0,-7.2,-12.9,5.7,-13.5,-600,425,27,20,1
2022,9,Western Kentucky,North Texas,0,1.7,-1.5,3.2,-9.5,-360,280,13,40,0
2022,9,Louisville,Wake Forest,0,9,8.2,0.8,5,180,-220,48,21,1
2022,9,Tulsa,SMU,0,-6.1,4.7,-10.8,3,135,-160,34,45,0
2022,9,Kansas State,Oklahoma State,0,21.4,11.3,10.1,1,-130,110,48,0,1
2022,9,California,Oregon,0,-3,18.9,-21.9,15,525,-800,24,42,0
2022,9,Georgia,Florida,1,35.3,10.4,24.9,-22,-2500,1050,42,20,1
2022,9,UCF,Cincinnati,0,10.3,13.1,-2.8,0,-110,-110,25,21,1
2022,9,South Carolina,Missouri,0,12.7,8.1,4.6,-6,-200,170,10,23,0
2022,9,Arkansas State,South Alabama,0,-13,10.8,-23.8,10,305,-410,3,31,0
2022,9,Tennessee,Kentucky,0,25.2,13,12.2,-13,-525,375,44,6,1
2022,9,Marshall,Coastal Carolina,0,3,0.6,2.4,-2,-140,120,13,24,0
2022,9,Florida Atlantic,UAB,0,-7.1,-0.5,-6.6,5,200,-240,24,17,1
2022,9,Boise State,Colorado State,0,5.7,-22.2,27.9,-28,-8000,1450,49,10,1
2022,9,Arizona,USC,0,-3.2,18.9,-22.1,15.5,500,-750,37,45,0
2022,9,Colorado,Arizona State,0,-20.4,-4.1,-16.3,13,375,-525,34,42,0
2022,9,Texas A&M,Ole Miss,0,9.1,16.2,-7.1,3,130,,28,31,0
2022,9,Michigan,Michigan State,0,32,1.2,30.8,-22.5,-2500,1050,29,7,1
2022,9,Texas Tech,Baylor,0,8.5,11.7,-3.2,-2,-145,125,17,45,0
2022,9,North Carolina,Pittsburgh,0,7.8,8.6,-0.8,-4,-180,155,42,24,1
2022,9,UTEP,Middle Tennessee,0,-10.7,-6.9,-3.8,-1.5,-115,-105,13,24,0
2022,9,Fresno State,San Diego State,0,3.3,-4.4,7.7,-8,-390,295,32,28,1
2022,9,San José State,Nevada,0,-4.3,-22.4,18.1,-25,-4000,1200,35,28,1
2022,9,UCLA,Stanford,0,15,-7.2,22.2,-16,-800,525,38,13,1
2022,9,Hawai'i,Wyoming,0,-24.7,-10.8,-13.9,11,325,-435,20,27,0
2022,10,Kent State,Ball State,0,-13.1,-14.9,1.8,-4,-270,220,20,27,0
2022,10,Ohio,Buffalo,0,-4.6,-9.2,4.6,3,130,-150,45,24,1
2022,10,Northern Illinois,Central Michigan,0,-18.8,-14,-4.8,-4,-210,175,22,35,0
2022,10,Bowling Green,Western Michigan,0,-18.1,-17.3,-0.8,-3.5,-175,150,13,9,1
2022,10,Rice,UTEP,0,-15.2,-10.7,-4.5,-3.5,-175,150,37,30,1
2022,10,Coastal Carolina,App State,0,0.6,1.7,-1.1,2,135,-160,35,28,1
2022,10,UConn,Massachusetts,0,-14.6,-30.3,15.7,-15.5,-750,500,27,10,1
2022,10,Boston College,Duke,0,-14.9,5,-19.9,9.5,335,-450,31,38,0
2022,10,Washington,Oregon State,0,15.7,14.3,1.4,-4.5,-200,170,24,21,1
2022,10,Army,Air Force,1,-1.5,3.9,-5.4,6,205,-245,7,13,0
2022,10,Texas A&M,Florida,0,9.1,10.4,-1.3,-3,-160,135,24,41,0
2022,10,Wisconsin,Maryland,0,8.3,11.2,-2.9,-5.5,-210,175,23,10,1
2022,10,TCU,Texas Tech,0,24.3,8.5,15.8,-10,-400,300,34,24,1
2022,10,Charlotte,Western Kentucky,0,-16.4,1.7,-18.1,16.5,550,-850,7,59,0
2022,10,Missouri,Kentucky,0,8.1,13,-4.9,2.5,115,-135,17,21,0
2022,10,Virginia,North Carolina,0,-9,7.8,-16.8,9.5,285,-370,28,31,0
2022,10,Northwestern,Ohio State,0,-13.4,31.1,-44.5,38.5,,,7,21,0
2022,10,Nebraska,Minnesota,0,-1.2,16,-17.2,12.5,475,-700,13,20,0
2022,10,Purdue,Iowa,0,7.7,12.7,-5.0,-4,-195,165,3,24,0
2022,10,Tulsa,Tulane,0,-6.1,12.4,-18.5,8.5,250,-300,13,27,0
2022,10,Virginia Tech,Georgia Tech,0,-9.5,-11.8,2.3,-4,-175,150,27,28,0
2022,10,Old Dominion,Marshall,0,-13,3,-16,2.5,115,-135,0,12,0
2022,10,Temple,South Florida,0,-12.9,-17,4.1,3.5,150,-175,54,28,1
2022,10,Southern Miss,Georgia State,0,-3.5,-3.3,-0.2,-2.5,-135,115,14,42,0
2022,10,Oklahoma,Baylor,0,15.4,11.7,3.7,-3.5,-175,150,35,38,0
2022,10,Louisiana Tech,Middle Tennessee,0,-17.8,-6.9,-10.9,2.5,110,-130,40,24,1
2022,10,Georgia,Tennessee,0,35.3,25.2,10.1,-8.5,-310,255,27,13,1
2022,10,Colorado,Oregon,0,-20.4,18.9,-39.3,31,,,10,49,0
2022,10,Stanford,Washington State,0,-7.2,9.5,-16.7,4.5,170,,14,52,0
2022,10,Iowa State,West Virginia,0,5.3,2.4,2.9,-6.5,-250,210,31,14,1
2022,10,Pittsburgh,Syracuse,0,8.6,2.5,6.1,-3.5,-175,150,19,9,1
2022,10,UAB,UTSA,0,-0.5,7.2,-7.7,1,105,-125,38,44,0
2022,10,Memphis,UCF,0,6.8,10.3,-3.5,5,180,-220,28,35,0
2022,10,Illinois,Michigan State,0,15.9,1.2,14.7,-15.5,-800,525,15,23,0
2022,10,Indiana,Penn State,0,-7.1,22.4,-29.5,13.5,375,-525,14,45,0
2022,10,Utah State,New Mexico,0,-13.3,-26.9,13.6,-15.5,-700,475,27,10,1
2022,10,Kansas,Oklahoma State,0,2.9,11.3,-8.4,3.5,150,-175,37,16,1
2022,10,Arkansas,Liberty,0,12,-1.5,13.5,-14,-625,430,19,21,0
2022,10,Cincinnati,Navy,0,13.1,-7.2,20.3,-20.5,-1600,800,20,10,1
2022,10,North Texas,Florida International,0,-1.5,-25.5,24.0,-21.5,-2200,1000,52,14,1
2022,10,Georgia Southern,South Alabama,0,-6.4,10.8,-17.2,5,170,-200,31,38,0
2022,10,UL Monroe,Texas State,0,-15.7,-11.5,-4.2,0,,-120,31,30,1
2022,10,Louisiana,Troy,0,2,8.1,-6.1,4,155,-180,17,23,0
2022,10,LSU,Alabama,0,16.2,30.3,-14.1,13,390,-550,32,31,1
2022,10,Boise State,BYU,0,5.7,-1.4,7.1,-8.5,-310,255,28,31,0
2022,10,San Diego State,UNLV,0,-4.4,-11.9,7.5,-6.5,-250,210,14,10,1
2022,10,Kansas State,Texas,0,21.4,23.1,-1.7,1.5,125,-145,27,34,0
2022,10,SMU,Houston,0,4.7,4.5,0.2,-2.5,-160,135,77,63,1
2022,10,Rutgers,Michigan,0,-9.1,32,-41.1,26.5,1250,-4500,17,52,0
2022,10,Utah,Arizona,0,19.2,-3.2,22.4,-17,-1000,625,45,20,1
2022,10,Notre Dame,Clemson,0,10.3,17.6,-7.3,4,140,-165,35,14,1
2022,10,Mississippi State,Auburn,0,15.4,5.1,10.3,-11,-525,375,39,33,1
2022,10,Vanderbilt,South Carolina,0,-4.7,12.7,-17.4,7,250,-300,27,38,0
2022,10,Louisville,James Madison,0,9,6.5,2.5,-8.5,-280,230,34,10,1
2022,10,Miami,Florida State,0,-2.7,13.2,-15.9,8.5,190,-230,3,45,0
2022,10,NC State,Wake Forest,0,6.8,8.2,-1.4,3.5,150,-175,30,21,1
2022,10,Fresno State,Hawai'i,0,3.3,-24.7,28.0,-23,-2500,1050,55,13,1
2022,10,Arizona State,UCLA,0,-4.1,15,-19.1,10.5,300,-400,36,50,0
2022,10,San José State,Colorado State,0,-4.3,-22.2,17.9,-22,-2200,1000,28,16,1
2022,10,USC,California,0,18.9,-3,21.9,-19.5,-1800,850,41,35,1
2022,11,Akron,Eastern Michigan,0,-23.4,-7.1,-16.3,9,265,-330,28,34,0
2022,11,Miami (OH),Ohio,0,-12.7,-4.6,-8.1,1,105,-125,21,37,0
2022,11,Toledo,Ball State,0,-3.7,-14.9,11.2,-12,-500,360,28,21,1
2022,11,Bowling Green,Kent State,0,-18.1,-13.1,-5.0,2.5,115,-135,6,40,0
2022,11,Western Michigan,Northern Illinois,0,-17.3,-18.8,1.5,0,-110,-110,21,24,0
2022,11,Central Michigan,Buffalo,0,-14,-9.2,-4.8,0,-115,-105,31,27,1
2022,11,Memphis,Tulsa,0,6.8,-6.1,12.9,-6.5,-245,205,26,10,1
2022,11,Louisiana,Georgia Southern,0,2,-6.4,8.4,-3.5,,140,36,17,1
2022,11,Cincinnati,East Carolina,0,13.1,1.1,12.0,-6.5,-250,210,27,25,1
2022,11,USC,Colorado,0,18.9,-20.4,39.3,-34,,,55,17,1
2022,11,UNLV,Fresno State,0,-11.9,3.3,-15.2,8.5,265,-330,30,37,0
2022,11,West Virginia,Oklahoma,0,2.4,15.4,-13.0,8,255,,23,20,1
2022,11,Duke,Virginia Tech,0,5,-9.5,14.5,-10,-400,300,24,7,1
2022,11,Ohio State,Indiana,0,31.1,-7.1,38.2,-40,,,56,14,1
2022,11,Kentucky,Vanderbilt,0,13,-4.7,17.7,-17.5,-1100,650,21,24,0
2022,11,Tennessee,Missouri,0,25.2,8.1,17.1,-21,-1600,800,66,24,1
2022,11,UConn,Liberty,0,-14.6,-1.5,-13.1,14.5,425,-600,36,33,1
2022,11,Illinois,Purdue,0,15.9,7.7,8.2,-6.5,-260,215,24,31,0
2022,11,South Florida,SMU,0,-17,4.7,-21.7,17,625,-1000,23,41,0
2022,11,Arkansas,LSU,0,12,16.2,-4.2,3,180,-220,10,13,0
2022,11,Navy,Notre Dame,1,-7.2,10.3,-17.5,17,575,-900,32,35,0
2022,11,Michigan State,Rutgers,0,1.2,-9.1,10.3,-11.5,-450,335,27,21,1
2022,11,Virginia,Pittsburgh,0,-9,8.6,-17.6,4.5,170,-200,7,37,0
2022,11,Old Dominion,James Madison,0,-13,6.5,-19.5,7.5,255,-310,3,37,0
2022,11,Georgia State,UL Monroe,0,-3.3,-15.7,12.4,-13.5,-550,390,28,31,0
2022,11,Western Kentucky,Rice,0,1.7,-15.2,16.9,-13,-550,390,45,10,1
2022,11,Houston,Temple,0,4.5,-12.9,17.4,-20,-1400,750,43,36,1
2022,11,Arkansas State,Massachusetts,0,-13,-30.3,17.3,-18,-1200,700,35,33,1
2022,11,Minnesota,Northwestern,0,16,-13.4,29.4,-18,-1000,625,31,3,1
2022,11,Air Force,New Mexico,0,3.9,-26.9,30.8,-24,-2800,1100,35,3,1
2022,11,NC State,Boston College,0,6.8,-14.9,21.7,-19,-1300,725,20,21,0
2022,11,Penn State,Maryland,0,22.4,11.2,11.2,-11.5,-450,335,30,0,1
2022,11,Marshall,App State,0,3,1.7,1.3,0,-110,-110,28,21,1
2022,11,Ole Miss,Alabama,0,16.2,30.3,-14.1,12,,-450,24,30,0
2022,11,Washington State,Arizona State,0,9.5,-4.1,13.6,-9,-360,280,28,18,1
2022,11,UAB,North Texas,0,-0.5,-1.5,1.0,-6,-230,190,41,21,1
2022,11,Middle Tennessee,Charlotte,0,-6.9,-16.4,9.5,-11.5,-470,345,24,14,1
2022,11,Oklahoma State,Iowa State,0,11.3,5.3,6.0,2.5,115,-135,20,14,1
2022,11,UTSA,Louisiana Tech,0,7.2,-17.8,25.0,-18,-1100,650,51,7,1
2022,11,Tulane,UCF,0,12.4,10.3,2.1,-2,-125,105,31,38,0
2022,11,Troy,Army,0,8.1,-1.5,9.6,-9,-340,270,10,9,1
2022,11,Georgia Tech,Miami,0,-11.8,-2.7,-9.1,-1.5,-140,120,14,35,0
2022,11,Michigan,Nebraska,0,32,-1.2,33.2,-28.5,,,34,3,1
2022,11,Iowa,Wisconsin,0,12.7,8.3,4.4,-1.5,-115,-105,24,10,1
2022,11,Clemson,Louisville,0,17.6,9,8.6,-7,-290,240,31,16,1
2022,11,Florida,South Carolina,0,10.4,12.7,-2.3,-8,-330,265,38,6,1
2022,11,South Alabama,Texas State,0,10.8,-11.5,22.3,-16,-850,550,38,21,1
2022,11,Texas Tech,Kansas,0,8.5,2.9,5.6,-3.5,-175,150,43,28,1
2022,11,Florida International,Florida Atlantic,0,-25.5,-7.1,-18.4,15,500,-750,7,52,0
2022,11,Colorado State,Wyoming,0,-22.2,-10.8,-11.4,8.5,265,-330,13,14,0
2022,11,Oregon,Washington,0,18.9,15.7,3.2,-12.5,-500,360,34,37,0
2022,11,Mississippi State,Georgia,0,15.4,35.3,-19.9,16.5,550,-850,19,45,0
2022,11,Baylor,Kansas State,0,11.7,21.4,-9.7,-3.5,-140,120,3,31,0
2022,11,Auburn,Texas A&M,0,5.1,9.1,-4.0,-1.5,-125,105,13,10,1
2022,11,Coastal Carolina,Southern Miss,0,0.6,-3.5,4.1,-11.5,-220,180,26,23,1
2022,11,Wake Forest,North Carolina,0,8.2,7.8,0.4,-3.5,-180,155,34,36,0
2022,11,Texas,TCU,0,23.1,24.3,-1.2,-7,-290,240,10,17,0
2022,11,Syracuse,Florida State,0,2.5,13.2,-10.7,6.5,240,-290,3,38,0
2022,11,Oregon State,California,0,14.3,-3,17.3,-13.5,-575,400,38,10,1
2022,11,Utah,Stanford,0,19.2,-7.2,26.4,-23,-2800,1100,42,7,1
2022,11,Nevada,Boise State,0,-22.4,5.7,-28.1,20.5,850,-1800,3,41,0
2022,11,UCLA,Arizona,0,15,-3.2,18.2,-19.5,-1400,750,28,34,0
2022,11,San Diego State,San José State,0,-4.4,-4.3,-0.1,2,,-120,43,27,1
2022,11,Hawai'i,Utah State,0,-24.7,-13.3,-11.4,11.5,320,-430,34,41,0
2022,12,Toledo,Bowling Green,0,-3.7,-18.1,14.4,-15,-650,450,35,42,0
2022,12,Ball State,Ohio,0,-14.9,-4.6,-10.3,4.5,170,-200,18,32,0
2022,12,Kent State,Eastern Michigan,0,-13.1,-7.1,-6.0,-7,-270,220,24,31,0
2022,12,Northern Illinois,Miami (OH),0,-18.8,-12.7,-6.1,-3,-130,110,23,29,0
2022,12,Central Michigan,Western Michigan,0,-14,-17.3,3.3,-9.5,-380,290,10,12,0
2022,12,Tulane,SMU,0,12.4,4.7,7.7,-3,-150,130,59,24,1
2022,12,Tulsa,South Florida,0,-6.1,-17,10.9,-12,-525,375,48,42,1
2022,12,New Mexico,San Diego State,0,-26.9,-4.4,-22.5,14.5,430,-625,10,34,0
2022,12,UCF,Navy,0,10.3,-7.2,17.5,-16.5,-750,500,14,17,0
2022,12,Liberty,Virginia Tech,0,-1.5,-9.5,8.0,-9.5,-360,280,22,23,0
2022,12,Michigan State,Indiana,0,1.2,-7.1,8.3,-11.5,-400,300,31,39,0
2022,12,Texas A&M,Massachusetts,0,9.1,-30.3,39.4,-34,,,20,3,1
2022,12,Army,UConn,0,-1.5,-14.6,13.1,-10,-380,290,34,17,1
2022,12,Florida State,Louisiana,0,13.2,2,11.2,-23.5,-2800,1100,49,17,1
2022,12,Vanderbilt,Florida,0,-4.7,10.4,-15.1,14.5,425,-600,31,24,1
2022,12,Pittsburgh,Duke,0,8.6,5,3.6,-8,-290,240,28,26,1
2022,12,Michigan,Illinois,0,32,15.9,16.1,-17.5,-1000,625,19,17,1
2022,12,Purdue,Northwestern,0,7.7,-13.4,21.1,-18,-1100,650,17,9,1
2022,12,Nebraska,Wisconsin,0,-1.2,8.3,-9.5,13,300,-400,14,15,0
2022,12,Baylor,TCU,0,11.7,24.3,-12.6,2.5,115,-135,28,29,0
2022,12,Rice,UTSA,0,-15.2,7.2,-22.4,12.5,360,-500,7,41,0
2022,12,Arizona,Washington State,0,-3.2,9.5,-12.7,4.5,155,-180,20,31,0
2022,12,East Carolina,Houston,0,1.1,4.5,-3.4,-6.5,-230,190,3,42,0
2022,12,James Madison,Georgia State,0,6.5,-3.3,9.8,-9.5,-340,270,42,40,1
2022,12,West Virginia,Kansas State,0,2.4,21.4,-19.0,7.5,240,-290,31,48,0
2022,12,Arizona State,Oregon State,0,-4.1,14.3,-18.4,7,255,-310,7,31,0
2022,12,Notre Dame,Boston College,0,10.3,-14.9,25.2,-21.5,-1600,800,44,0,1
2022,12,App State,Old Dominion,0,1.7,-13,14.7,-14.5,-750,500,27,14,1
2022,12,Louisville,NC State,0,9,6.8,2.2,-5.5,-150,130,25,10,1
2022,12,Maryland,Ohio State,0,11.2,31.1,-19.9,27.5,1325,-6000,30,43,0
2022,12,Southern Miss,South Alabama,0,-3.5,10.8,-14.3,7,230,-280,20,27,0
2022,12,Kansas,Texas,0,2.9,23.1,-20.2,9,275,-350,14,55,0
2022,12,Kentucky,Georgia,0,13,35.3,-22.3,22.5,1050,-2500,6,16,0
2022,12,Middle Tennessee,Florida Atlantic,0,-6.9,-7.1,0.2,4.5,170,-200,49,21,1
2022,12,Rutgers,Penn State,0,-9.1,22.4,-31.5,19,725,-1300,10,55,0
2022,12,Clemson,Miami,0,17.6,-2.7,20.3,-19.5,-1100,650,40,10,1
2022,12,Charlotte,Louisiana Tech,0,-16.4,-17.8,1.4,3,135,-160,26,21,1
2022,12,Troy,UL Monroe,0,8.1,-15.7,23.8,-15.5,-750,500,34,16,1
2022,12,Minnesota,Iowa,0,16,12.7,3.3,-2.5,-130,110,10,13,0
2022,12,Temple,Cincinnati,0,-12.9,13.1,-26.0,18,700,-1200,3,23,0
2022,12,Auburn,Western Kentucky,0,5.1,1.7,3.4,-6.5,-270,220,41,17,1
2022,12,UTEP,Florida International,0,-10.7,-25.5,14.8,-14.5,-650,450,40,6,1
2022,12,Texas State,Arkansas State,0,-11.5,-13,1.5,-5,-210,175,16,13,1
2022,12,California,Stanford,0,-3,-7.2,4.2,-5.5,-220,180,27,20,1
2022,12,North Carolina,Georgia Tech,0,7.8,-11.8,19.6,-20,-1500,775,17,21,0
2022,12,Georgia Southern,Marshall,0,-6.4,3,-9.4,3.5,150,-175,10,23,0
2022,12,South Carolina,Tennessee,0,12.7,25.2,-12.5,21,950,-2000,63,38,1
2022,12,Iowa State,Texas Tech,0,5.3,8.5,-3.2,-3.5,-170,145,10,14,0
2022,12,Wyoming,Boise State,0,-10.8,5.7,-16.5,12.5,360,-500,17,20,0
2022,12,Arkansas,Ole Miss,0,12,16.2,-4.2,3,135,,42,27,1
2022,12,Oklahoma,Oklahoma State,0,15.4,11.3,4.1,-6.5,-270,220,28,13,1
2022,12,Missouri,New Mexico State,0,8.1,-15.4,23.5,-27.5,,,45,14,1
2022,12,UCLA,USC,0,15,18.9,-3.9,3,135,-160,45,48,0
2022,12,Wake Forest,Syracuse,0,8.2,2.5,5.7,-10,-380,290,45,35,1
2022,12,Washington,Colorado,0,15.7,-20.4,36.1,-30.5,,,54,7,1
2022,12,LSU,UAB,0,16.2,-0.5,16.7,-14.5,-650,450,41,10,1
2022,12,Air Force,Colorado State,0,3.9,-22.2,26.1,-22.5,-2200,1000,24,12,1
2022,12,Utah State,San José State,0,-13.3,-4.3,-9.0,3,-120,-160,35,31,1
2022,12,Nevada,Fresno State,0,-22.4,3.3,-25.7,22.5,1000,-2200,14,41,0
2022,12,Oregon,Utah,0,18.9,19.2,-0.3,-2.5,-115,-105,20,17,1
2022,12,Hawai'i,UNLV,0,-24.7,-11.9,-12.8,10,300,-400,31,25,1
2022,13,Ohio,Bowling Green,0,-4.6,-18.1,13.5,-7,-270,220,38,14,1
2022,13,Miami (OH),Ball State,0,-12.7,-14.9,2.2,-2,-135,115,18,17,1
2022,13,Ole Miss,Mississippi State,0,16.2,15.4,0.8,-2,-140,120,22,24,0
2022,13,Cincinnati,Tulane,0,13.1,12.4,0.7,-2.5,-105,-115,24,27,0
2022,13,Eastern Michigan,Central Michigan,0,-7.1,-14,6.9,1.5,100,-120,38,19,1
2022,13,Boise State,Utah State,0,5.7,-13.3,19.0,-16.5,-800,525,42,23,1
2022,13,Texas,Baylor,0,23.1,11.7,11.4,-9,-290,240,38,27,1
2022,13,Western Michigan,Toledo,0,-17.3,-3.7,-13.6,8,255,-310,20,14,1
2022,13,Arizona,Arizona State,0,-3.2,-4.1,0.9,-4,-195,165,38,35,1
2022,13,Colorado State,New Mexico,0,-22.2,-26.9,4.7,-7,-290,240,17,0,1
2022,13,Missouri,Arkansas,0,8.1,12,-3.9,3,135,-160,29,27,1
2022,13,North Carolina,NC State,0,7.8,6.8,1.0,-6,-250,210,27,30,0
2022,13,Iowa,Nebraska,0,12.7,-1.2,13.9,,-400,300,17,24,0
2022,13,California,UCLA,0,-3,15,-18,10.5,280,-360,28,35,0
2022,13,Florida State,Florida,0,13.2,10.4,2.8,-10,-360,280,45,38,1
2022,13,Fresno State,Wyoming,0,3.3,-10.8,14.1,-14.5,-625,430,30,0,1
2022,13,Oklahoma State,West Virginia,0,11.3,2.4,8.9,-8.5,-220,180,19,24,0
2022,13,Maryland,Rutgers,0,11.2,-9.1,20.3,-14.5,-600,425,37,0,1
2022,13,Clemson,South Carolina,0,17.6,12.7,4.9,-14,-625,430,30,31,0
2022,13,Liberty,New Mexico State,0,-1.5,-15.4,13.9,-24.5,-5000,1300,14,49,0
2022,13,Georgia,Georgia Tech,0,35.3,-11.8,47.1,-36.5,,,37,14,1
2022,13,Ohio State,Michigan,0,31.1,32,-0.9,-7.5,-300,250,23,45,0
2022,13,Marshall,Georgia State,0,3,-3.3,6.3,-6.5,-230,190,28,23,1
2022,13,Florida Atlantic,Western Kentucky,0,-7.1,1.7,-8.8,7.5,230,-280,31,32,0
2022,13,Massachusetts,Army,0,-30.3,-1.5,-28.8,,775,-1500,7,44,0
2022,13,James Madison,Coastal Carolina,0,6.5,0.6,5.9,-14,-600,425,47,7,1
2022,13,South Alabama,Old Dominion,0,10.8,-13,23.8,-15.5,-850,550,27,20,1
2022,13,Buffalo,Kent State,0,-9.2,-13.1,3.9,-4.5,-175,150,27,30,0
2022,13,Temple,East Carolina,0,-12.9,1.1,-14.0,12.5,360,-500,46,49,0
2022,13,Northern Illinois,Akron,0,-18.8,-23.4,4.6,-9.5,-370,285,12,44,0
2022,13,North Texas,Rice,0,-1.5,-15.2,13.7,-14.5,-585,410,21,17,1
2022,13,Kentucky,Louisville,0,13,9,4,-3.5,-175,150,26,13,1
2022,13,San José State,Hawai'i,0,-4.3,-24.7,20.4,-15,-585,410,27,14,1
2022,13,Arkansas State,Troy,0,-13,8.1,-21.1,,400,-575,19,48,0
2022,13,Louisiana Tech,UAB,0,-17.8,-0.5,-17.3,17.5,600,-950,27,37,0
2022,13,Oregon State,Oregon,0,14.3,18.9,-4.6,2.5,150,-175,38,34,1
2022,13,UTSA,UTEP,0,7.2,-10.7,17.9,-17.5,-1100,650,34,31,1
2022,13,Duke,Wake Forest,0,5,8.2,-3.2,3,150,-175,34,31,1
2022,13,Alabama,Auburn,0,30.3,5.1,25.2,-22,-2200,1000,49,27,1
2022,13,Wisconsin,Minnesota,0,8.3,16,-7.7,-3,-165,140,16,23,0
2022,13,SMU,Memphis,0,4.7,6.8,-2.1,-4,-200,170,34,31,1
2022,13,Northwestern,Illinois,0,-13.4,15.9,-29.3,14,390,-550,3,41,0
2022,13,Indiana,Purdue,0,-7.1,7.7,-14.8,10,300,-400,16,30,0
2022,13,Penn State,Michigan State,0,22.4,1.2,21.2,-18.5,-1100,650,35,16,1
2022,13,TCU,Iowa State,0,24.3,5.3,19.0,-10,-400,300,62,14,1
2022,13,Colorado,Utah,0,-20.4,19.2,-39.6,30,,,21,63,0
2022,13,Texas State,Louisiana,0,-11.5,2,-13.5,,175,-210,13,41,0
2022,13,UL Monroe,Southern Miss,0,-15.7,-3.5,-12.2,3.5,135,-160,10,20,0
2022,13,Georgia Southern,App State,0,-6.4,1.7,-8.1,5,170,-200,51,48,1
2022,13,Florida International,Middle Tennessee,0,-25.5,-6.9,-18.6,19.5,725,-1300,28,33,0
2022,13,UNLV,Nevada,0,-11.9,-22.4,10.5,,-500,360,27,22,1
2022,13,South Florida,UCF,0,-17,10.3,-27.3,20,650,-1100,39,46,0
2022,13,Texas A&M,LSU,0,9.1,16.2,-7.1,10,275,-350,38,23,1
2022,13,Vanderbilt,Tennessee,0,-4.7,25.2,-29.9,,400,-575,0,56,0
2022,13,USC,Notre Dame,0,18.9,10.3,8.6,-5,-230,190,38,27,1
2022,13,Boston College,Syracuse,0,-14.9,2.5,-17.4,10,300,-400,23,32,0
2022,13,Houston,Tulsa,0,4.5,-6.1,10.6,-12,-500,360,30,37,0
2022,13,Texas Tech,Oklahoma,0,8.5,15.4,-6.9,2.5,105,-125,51,48,1
2022,13,Miami,Pittsburgh,0,-2.7,8.6,-11.3,5.5,165,-195,16,42,0
2022,13,Kansas State,Kansas,0,21.4,2.9,18.5,-11.5,-480,350,47,27,1
2022,13,San Diego State,Air Force,0,-4.4,3.9,-8.3,1.5,110,-130,3,13,0
2022,13,Washington State,Washington,0,9.5,15.7,-6.2,2.5,110,-130,33,51,0
2022,13,Stanford,BYU,0,-7.2,-1.4,-5.8,7,210,-250,26,35,0
2022,14,Buffalo,Akron,0,-9.2,-23.4,14.2,-14.5,-550,390,23,22,1
2022,14,UTSA,North Texas,0,7.2,-1.5,8.7,-8.5,-310,255,48,27,1
2022,14,USC,Utah,1,18.9,19.2,-0.3,-1,-150,130,24,47,0
2022,14,Ohio,Toledo,1,-4.6,-3.7,-0.9,4,105,-125,7,17,0
2022,14,TCU,Kansas State,1,24.3,21.4,2.9,-1.5,-130,110,28,31,0
2022,14,Troy,Coastal Carolina,0,8.1,0.6,7.5,-4.5,-280,230,45,26,1
2022,14,Georgia,LSU,1,35.3,16.2,19.1,-15,-900,575,50,30,1
2022,14,Tulane,UCF,0,12.4,10.3,2.1,-2.5,-160,135,45,28,1
2022,14,Boise State,Fresno State,0,5.7,3.3,2.4,-4.5,-165,140,16,28,0
2022,14,North Carolina,Clemson,1,7.8,17.6,-9.8,7.5,255,-310,10,39,0
2022,14,Michigan,Purdue,1,32,7.7,24.3,-15.5,-850,550,43,22,1
2022,15,Army,Navy,1,-1.5,-7.2,5.7,1.5,-130,110,20,17,1
2023,1,Notre Dame,Navy,1,20.1,-13.7,33.8,-20,-1350,800,42,3,1
2023,1,Jacksonville State,UTEP,0,-1.6,-16.2,14.6,,-110,-110,17,14,1
2023,1,New Mexico State,Massachusetts,0,-1.8,-17.5,15.7,-8,-325,260,30,41,0
2023,1,San Diego State,Ohio,0,-10.3,-1.6,-8.7,-3.5,-162,136,20,13,1
2023,1,Vanderbilt,Hawai'i,0,-12.7,-16.4,3.7,-18,-1050,675,35,28,1
2023,1,USC,San José State,0,9.4,-3.4,12.8,-30.5,-9000,2500,56,28,1
2023,1,Louisiana Tech,Florida International,0,-12.9,-21.2,8.3,-10,-360,285,22,17,1
2023,1,UCF,Kent State,0,3.4,-26.3,29.7,-36.5,,,56,6,1
2023,1,UConn,NC State,0,-15.6,7.4,-23.0,16,500,-750,14,24,0
2023,1,Utah,Florida,0,8.5,6.8,1.7,-8,-225,185,24,11,1
2023,1,Minnesota,Nebraska,0,0.4,0.3,0.1,-6.5,-300,250,13,10,1
2023,1,Miami,Miami (OH),0,9.6,2.8,6.8,-17.5,-900,575,38,3,1
2023,1,Michigan State,Central Michigan,0,-6.8,-19.1,12.3,-14,-675,460,31,7,1
2023,1,Georgia Tech,Louisville,1,0.3,8,-7.7,8,250,-300,34,39,0
2023,1,Hawai'i,Stanford,0,-16.4,-11.9,-4.5,8,235,-285,24,37,0
2023,1,Oklahoma,Arkansas State,0,15,-6.3,21.3,-35.5,-20000,3000,73,0,1
2023,1,Purdue,Fresno State,0,-7.3,2.5,-9.8,-5.5,-180,154,35,39,0
2023,1,Liberty,Bowling Green,0,8,-7.8,15.8,-12.5,-305,275,34,24,1
2023,1,Michigan,East Carolina,0,31.3,-12.8,44.1,-34,,,30,3,1
2023,1,SMU,Louisiana Tech,0,10.1,-12.9,23.0,-17,-1000,625,38,14,1
2023,1,Tennessee,Virginia,1,16.2,-10.8,27.0,-28,-4500,1800,49,13,1
2023,1,TCU,Colorado,0,7.9,-4.9,12.8,-21,-900,575,42,45,0
2023,1,Boston College,Northern Illinois,0,-5.9,-7.5,1.6,-10,-305,260,24,27,0
2023,1,Iowa,Utah State,0,5.8,-10.9,16.7,-23.5,-2100,1100,24,14,1
2023,1,Kentucky,Ball State,0,10.5,-14.9,25.4,-26,-5000,1200,44,14,1
2023,1,Temple,Akron,0,-21,-21.6,0.6,-9.5,-420,315,24,21,1
2023,1,Wisconsin,Buffalo,0,9.4,-15.2,24.6,-24.5,-7500,1400,38,17,1
2023,1,Washington,Boise State,0,16.4,5.9,10.5,-14.5,-675,460,56,19,1
2023,1,Texas,Rice,0,23.2,-10.2,33.4,-35,,,37,10,1
2023,1,Auburn,Massachusetts,0,7.6,-17.5,25.1,-39.5,,,59,14,1
2023,1,Western Kentucky,South Florida,0,-2,-6.6,4.6,-13.5,-535,350,41,24,1
2023,1,Indiana,Ohio State,0,-7.4,25.2,-32.6,28,1600,-10000,3,23,0
2023,1,North Texas,California,0,-6.7,-0.1,-6.6,9,240,-290,21,58,0
2023,1,USC,Nevada,0,9.4,-22,31.4,-38,,,66,14,1
2023,1,Colorado State,Washington State,0,-8.9,4.9,-13.8,14.5,360,-500,24,50,0
2023,1,Baylor,Texas State,0,-8.3,-1.6,-6.7,-26.5,-5000,1300,31,42,0
2023,1,Houston,UTSA,0,-7.8,5.4,-13.2,,110,-125,17,14,1
2023,1,UL Monroe,Army,0,-21.6,-4,-17.6,10,240,-290,17,13,1
2023,1,Texas A&M,New Mexico,0,15.6,-16.5,32.1,-38.5,,,52,10,1
2023,1,Illinois,Toledo,0,-2.5,3.7,-6.2,-10,-290,280,30,28,1
2023,1,Penn State,West Virginia,0,23.5,7.5,16.0,-20,-1400,750,38,15,1
2023,1,Wyoming,Texas Tech,0,-3.6,6.1,-9.7,13.5,460,-675,35,33,1
2023,1,Alabama,Middle Tennessee,0,23.1,-9.5,32.6,-39,,,56,7,1
2023,1,North Carolina,South Carolina,1,7.4,4.3,3.1,-3,105,-125,31,17,1
2023,1,Virginia Tech,Old Dominion,0,5.8,-10.1,15.9,-14,-750,500,36,17,1
2023,1,Tulane,South Alabama,0,2.8,5.1,-2.3,-7,-230,200,37,17,1
2023,1,BYU,Sam Houston,0,-3.3,-13.8,10.5,-23.5,-1200,850,14,0,1
2023,1,UCLA,Coastal Carolina,0,9.7,-1.2,10.9,-15.5,-750,500,27,13,1
2023,1,Rutgers,Northwestern,0,3.5,-1.3,4.8,-6,-270,220,24,7,1
2023,1,San José State,Oregon State,0,-3.4,12.6,-16.0,16.5,600,-950,17,42,0
2023,1,Florida State,LSU,1,19.4,19.1,0.3,2,125,-145,45,24,1
2023,1,Duke,Clemson,0,9.4,10.5,-1.1,13.5,400,-575,28,7,1
2023,2,Kansas,Illinois,0,9.9,-2.5,12.4,-2,-166,140,34,23,1
2023,2,Wake Forest,Vanderbilt,0,-7.9,-12.7,4.8,-10,-470,345,36,20,1
2023,2,Colorado,Nebraska,0,-4.9,0.3,-5.2,7.5,-155,130,36,14,1
2023,2,Georgia,Ball State,0,31.2,-14.9,46.1,-41.5,,,45,3,1
2023,2,Virginia Tech,Purdue,0,5.8,-7.3,13.1,0,-130,110,17,24,0
2023,2,Baylor,Utah,0,-8.3,8.5,-16.8,-1.5,230,-285,13,20,0
2023,2,NC State,Notre Dame,0,7.4,20.1,-12.7,8,225,-278,24,45,0
2023,2,Virginia,James Madison,0,-10.8,11.8,-22.6,6,210,-250,35,36,0
2023,2,Kansas State,Troy,0,16.2,9.8,6.4,-17,-850,550,42,13,1
2023,2,Iowa State,Iowa,0,7.5,5.8,1.7,3.5,160,-185,13,20,0
2023,2,Tulane,Ole Miss,0,2.8,18.4,-15.6,3.5,310,-415,20,37,0
2023,2,Miami,Texas A&M,0,9.6,15.6,-6.0,6.5,114,-148,48,33,1
2023,2,UTSA,Texas State,0,5.4,-1.6,7.0,-11,,335,20,13,1
2023,2,Michigan,UNLV,0,31.3,1.4,29.9,-36,,,35,7,1
2023,2,Northwestern,UTEP,0,-1.3,-16.2,14.9,0,-115,-105,38,7,1
2023,2,Syracuse,Western Michigan,0,-4.4,-15.9,11.5,-21,-1600,800,48,7,1
2023,2,Massachusetts,Miami (OH),0,-17.5,2.8,-20.3,6.5,175,-210,28,41,0
2023,2,East Carolina,Marshall,0,-12.8,-9,-3.8,0,-105,-115,13,31,0
2023,2,Arkansas,Kent State,0,3.5,-26.3,29.8,-38,,,28,6,1
2023,2,Washington,Tulsa,0,16.4,-13.7,30.1,-35.5,,,43,10,1
2023,2,North Carolina,App State,0,7.4,3.8,3.6,-14.5,-800,525,40,34,1
2023,2,Liberty,New Mexico State,0,8,-1.8,9.8,-13,-550,390,33,17,1
2023,2,Florida Atlantic,Ohio,0,-9.4,-1.6,-7.8,-5,-200,170,10,17,0
2023,2,Oklahoma,SMU,0,15,10.1,4.9,-14,-950,600,28,11,1
2023,2,Old Dominion,Louisiana,0,-10.1,0.4,-10.5,8,220,,38,31,1
2023,2,Georgia Southern,UAB,0,-5.2,-14.7,9.5,-5,-230,190,49,35,1
2023,2,Florida International,North Texas,0,-21.2,-6.7,-14.5,14,410,-585,46,39,1
2023,2,Pittsburgh,Cincinnati,0,-7.3,-6.8,-0.5,-7,-300,250,21,27,0
2023,2,Georgia State,UConn,0,-6.8,-15.6,8.8,-5,-160,135,35,14,1
2023,2,Missouri,Middle Tennessee,0,19.3,-9.5,28.8,-20.5,-1600,800,23,19,1
2023,2,Arkansas State,Memphis,0,-6.3,3.5,-9.8,21.5,800,-1600,3,37,0
2023,2,Rice,Houston,0,-10.2,-7.8,-2.4,9,275,-350,43,41,1
2023,2,Boise State,UCF,0,5.9,3.4,2.5,-1.5,130,-162,16,18,0
2023,2,Texas Tech,Oregon,0,6.1,26.2,-20.1,3.5,164,-245,30,38,0
2023,2,Coastal Carolina,Jacksonville State,0,-1.2,-1.6,0.4,-13,-550,390,30,16,1
2023,2,Alabama,Texas,0,23.1,23.2,-0.1,-6.5,-300,250,24,34,0
2023,2,Washington State,Wisconsin,0,4.9,9.4,-4.5,4.5,155,-180,31,22,1
2023,2,Maryland,Charlotte,0,11,-21.4,32.4,-24.5,-3500,1100,38,20,1
2023,2,Mississippi State,Arizona,0,0.5,14.1,-13.6,-13,-420,315,31,24,1
2023,2,Minnesota,Eastern Michigan,0,0.4,-12.3,12.7,-19.5,-1300,725,25,6,1
2023,2,Rutgers,Temple,0,3.5,-21,24.5,-10,-400,300,36,7,1
2023,2,San Diego State,UCLA,0,-10.3,9.7,-20.0,13,400,-575,10,35,0
2023,2,Sam Houston,Air Force,1,-13.8,5.9,-19.7,15,475,-700,3,13,0
2023,2,Florida State,Southern Miss,0,19.4,-14.4,33.8,-28,-10000,1600,66,13,1
2023,2,Arizona State,Oklahoma State,0,-11.3,6.7,-18.0,3.5,145,-170,15,27,0
2023,2,USC,Stanford,0,9.4,-11.9,21.3,-30,-10000,1600,56,10,1
2023,2,California,Auburn,0,-0.1,7.6,-7.7,6,170,-192,10,14,0
2023,3,Memphis,Navy,0,3.5,-13.7,17.2,-16,-650,450,28,24,1
2023,3,UTSA,Army,0,5.4,-4,9.4,-10,-285,235,29,37,0
2023,3,Maryland,Virginia,0,11,-10.8,21.8,-14,-625,430,42,14,1
2023,3,Air Force,Utah State,0,5.9,-10.9,16.8,-8.5,-380,290,39,21,1
2023,3,Wisconsin,Georgia Southern,0,9.4,-5.2,14.6,-15,-900,575,35,14,1
2023,3,Old Dominion,Wake Forest,0,-10.1,-7.9,-2.2,14,475,-700,24,27,0
2023,3,Illinois,Penn State,0,-2.5,23.5,-26.0,12.5,425,,13,30,0
2023,3,Missouri,Kansas State,0,19.3,16.2,3.1,2,142,,30,27,1
2023,3,Ohio,Iowa State,0,-1.6,7.5,-9.1,2,110,-130,10,7,1
2023,3,Mississippi State,LSU,0,0.5,19.1,-18.6,9,300,-400,14,41,0
2023,3,Indiana,Louisville,1,-7.4,8,-15.4,9.5,280,-360,14,21,0
2023,3,Boston College,Florida State,0,-5.9,19.4,-25.3,28.5,1600,-10000,29,31,0
2023,3,Buffalo,Liberty,0,-15.2,8,-23.2,4.5,150,-175,27,55,0
2023,3,Eastern Michigan,Massachusetts,0,-12.3,-17.5,5.2,-10,-410,305,19,17,1
2023,3,Notre Dame,Central Michigan,0,20.1,-19.1,39.2,-33,,,41,17,1
2023,3,Rutgers,Virginia Tech,0,3.5,5.8,-2.3,-4.5,-185,160,35,16,1
2023,3,Georgia,South Carolina,0,31.2,4.3,26.9,-24,,,24,14,1
2023,3,Iowa,Western Michigan,0,5.8,-15.9,21.7,-25,-6500,1300,41,10,1
2023,3,Tulsa,Oklahoma,0,-13.7,15,-28.7,26,1200,-5000,17,66,0
2023,3,North Carolina,Minnesota,0,7.4,0.4,7.0,-6,-265,,31,13,1
2023,3,App State,East Carolina,0,3.8,-12.8,16.6,-9.5,-370,285,43,28,1
2023,3,UConn,Florida International,0,-15.6,-21.2,5.6,-10,-410,305,17,24,0
2023,3,Oregon State,San Diego State,0,12.6,-10.3,22.9,-22,-2500,1000,26,9,1
2023,3,South Florida,Alabama,0,-6.6,23.1,-29.7,31.5,2500,-20000,3,17,0
2023,3,Duke,Northwestern,0,9.4,-1.3,10.7,-19,-1200,700,38,14,1
2023,3,Texas A&M,UL Monroe,0,15.6,-21.6,37.2,-32,-20000,2500,47,3,1
2023,3,Southern Miss,Tulane,0,-14.4,2.8,-17.2,11,360,-500,3,21,0
2023,3,Ohio State,Western Kentucky,0,25.2,-2,27.2,-27.5,-6500,1300,63,10,1
2023,3,Michigan State,Washington,0,-6.8,16.4,-23.2,12,500,-750,7,41,0
2023,3,Charlotte,Georgia State,0,-21.4,-6.8,-14.6,8.5,205,-245,25,41,0
2023,3,Nebraska,Northern Illinois,0,0.3,-7.5,7.8,-13,-500,360,35,11,1
2023,3,Florida,Tennessee,0,6.8,16.2,-9.4,7.5,215,-260,29,16,1
2023,3,UAB,Louisiana,0,-14.7,0.4,-15.1,-1,-130,100,21,41,0
2023,3,Troy,James Madison,0,9.8,11.8,-2.0,-3.5,-142,,14,16,0
2023,3,Toledo,San José State,0,3.7,-3.4,7.1,-7.5,-300,250,21,17,1
2023,3,Cincinnati,Miami (OH),0,-6.8,2.8,-9.6,-16.5,-625,430,24,31,0
2023,3,Louisiana Tech,North Texas,0,-12.9,-6.7,-6.2,-3,-180,155,37,40,0
2023,3,Oklahoma State,South Alabama,0,6.7,5.1,1.6,-9,-290,240,7,33,0
2023,3,UNLV,Vanderbilt,0,1.4,-12.7,14.1,4,175,-210,40,37,1
2023,3,Michigan,Bowling Green,0,31.3,-7.8,39.1,-40,,,31,6,1
2023,3,Ole Miss,Georgia Tech,0,18.4,0.3,18.1,-19,-1400,750,48,23,1
2023,3,Kentucky,Akron,0,10.5,-21.6,32.1,-24.5,-3500,1100,35,3,1
2023,3,West Virginia,Pittsburgh,0,7.5,-7.3,14.8,2,-142,,17,6,1
2023,3,Purdue,Syracuse,0,-7.3,-4.4,-2.9,0,120,-140,20,35,0
2023,3,Arkansas,BYU,0,3.5,-3.3,6.8,-10,-390,295,31,38,0
2023,3,Oregon,Hawai'i,0,26.2,-16.4,42.6,-37,,,55,10,1
2023,3,Clemson,Florida Atlantic,0,10.5,-9.4,19.9,-24,-2500,1050,48,14,1
2023,3,Houston,TCU,0,-7.8,7.9,-15.7,8,260,-320,13,36,0
2023,3,New Mexico,New Mexico State,0,-16.5,-1.8,-14.7,-1.5,-110,-110,17,27,0
2023,3,Texas,Wyoming,0,23.2,-3.6,26.8,-28,-10000,1600,31,10,1
2023,3,Colorado,Colorado State,0,-4.9,-8.9,4.0,-17,-2400,,43,35,1
2023,3,Arizona State,Fresno State,0,-11.3,2.5,-13.8,2.5,145,-170,0,29,0
2023,3,Nevada,Kansas,0,-22,9.9,-31.9,28,,,24,31,0
2023,3,Arizona,UTEP,0,14.1,-16.2,30.3,-17,-950,600,31,10,1
2023,4,Coastal Carolina,Georgia State,0,-1.2,-6.8,5.6,-6.5,-240,200,17,30,0
2023,4,Purdue,Wisconsin,0,-7.3,9.4,-16.7,7,220,-270,17,38,0
2023,4,Virginia,NC State,0,-10.8,7.4,-18.2,9,285,-370,21,24,0
2023,4,San José State,Air Force,0,-3.4,5.9,-9.3,4,160,-185,20,45,0
2023,4,San Diego State,Boise State,0,-10.3,5.9,-16.2,7,225,-275,31,34,0
2023,4,Syracuse,Army,0,-4.4,-4,-0.4,-13.5,-500,400,29,16,1
2023,4,Michigan,Rutgers,0,31.3,3.5,27.8,-24,-2800,1100,31,7,1
2023,4,TCU,SMU,0,7.9,10.1,-2.2,-6,-230,190,34,17,1
2023,4,Troy,Western Kentucky,0,9.8,-2,11.8,-3,-150,130,27,24,1
2023,4,Northern Illinois,Tulsa,0,-7.5,-13.7,6.2,-3,-175,150,14,22,0
2023,4,Cincinnati,Oklahoma,0,-6.8,15,-21.8,13.5,375,-525,6,20,0
2023,4,Marshall,Virginia Tech,0,-9,5.8,-14.8,-7.5,-300,250,24,17,1
2023,4,Clemson,Florida State,0,10.5,19.4,-8.9,1.5,105,-125,24,31,0
2023,4,Texas A&M,Auburn,0,15.6,7.6,8.0,-7,-275,225,27,10,1
2023,4,Vanderbilt,Kentucky,0,-12.7,10.5,-23.2,13.5,400,-575,28,45,0
2023,4,Toledo,Western Michigan,0,3.7,-15.9,19.6,-20.5,-1200,700,49,31,1
2023,4,Ball State,Georgia Southern,0,-14.9,-5.2,-9.7,7,225,-275,3,40,0
2023,4,Louisville,Boston College,0,8,-5.9,13.9,-13.5,-625,430,56,28,1
2023,4,UConn,Duke,0,-15.6,9.4,-25.0,22.5,850,-1800,7,41,0
2023,4,Kansas,BYU,0,9.9,-3.3,13.2,-8,-320,260,38,27,1
2023,4,Illinois,Florida Atlantic,0,-2.5,-9.4,6.9,-15,-700,525,23,17,1
2023,4,Utah,UCLA,0,8.5,9.7,-1.2,-5,-240,200,14,7,1
2023,4,Oregon,Colorado,0,26.2,-4.9,31.1,-16.5,-1200,700,42,6,1
2023,4,Bowling Green,Ohio,0,-7.8,-1.6,-6.2,9,280,-360,7,38,0
2023,4,Temple,Miami,0,-21,9.6,-30.6,25,1100,-3300,7,41,0
2023,4,Nebraska,Louisiana Tech,0,0.3,-12.9,13.2,-19.5,-1000,625,28,14,1
2023,4,West Virginia,Texas Tech,0,7.5,6.1,1.4,6,190,-225,20,13,1
2023,4,Michigan State,Maryland,0,-6.8,11,-17.8,6,180,-220,9,31,0
2023,4,Alabama,Ole Miss,0,23.1,18.4,4.7,-14.5,-260,215,24,10,1
2023,4,Massachusetts,New Mexico,0,-17.5,-16.5,-1.0,-3.5,-148,145,31,34,0
2023,4,Tennessee,UTSA,0,16.2,5.4,10.8,-20,-1400,750,45,14,1
2023,4,Iowa State,Oklahoma State,0,7.5,6.7,0.8,-2.5,-150,130,34,27,1
2023,4,South Florida,Rice,0,-6.6,-10.2,3.6,2,105,-125,42,29,1
2023,4,Jacksonville State,Eastern Michigan,0,-1.6,-12.3,10.7,-4.5,-200,170,21,0,1
2023,4,South Alabama,Central Michigan,0,5.1,-19.1,24.2,-14.5,-700,475,30,34,0
2023,4,Florida International,Liberty,0,-21.2,8,-29.2,13,305,-410,6,38,0
2023,4,Wake Forest,Georgia Tech,0,-7.9,0.3,-8.2,-7,-240,200,16,30,0
2023,4,Houston,Sam Houston,0,-7.8,-13.8,6.0,-14,-440,330,38,7,1
2023,4,Washington State,Oregon State,0,4.9,12.6,-7.7,2.5,110,-130,38,35,1
2023,4,Wyoming,App State,0,-3.6,3.8,-7.4,-1.5,-130,110,22,19,1
2023,4,Arkansas State,Southern Miss,0,-6.3,-14.4,8.1,5,190,-230,44,37,1
2023,4,Florida,Charlotte,0,6.8,-21.4,28.2,-27,-6500,1300,22,7,1
2023,4,LSU,Arkansas,0,19.1,3.5,15.6,-13.5,-1000,625,34,31,1
2023,4,Stanford,Arizona,0,-11.9,14.1,-26.0,10,290,-380,20,21,0
2023,4,Texas State,Nevada,0,-1.6,-22,20.4,-16.5,-800,525,35,24,1
2023,4,Middle Tennessee,Colorado State,0,-9.5,-8.9,-0.6,-2,-130,110,23,31,0
2023,4,Missouri,Memphis,1,19.3,3.5,15.8,-6.5,-275,225,34,27,1
2023,4,South Carolina,Mississippi State,0,4.3,0.5,3.8,-5,-210,175,37,30,1
2023,4,Louisiana,Buffalo,0,0.4,-15.2,15.6,-9.5,-340,270,45,38,1
2023,4,Indiana,Akron,0,-7.4,-21.6,14.2,-17.5,-900,575,29,27,1
2023,4,Penn State,Iowa,0,23.5,5.8,17.7,-14,-575,400,31,0,1
2023,4,Notre Dame,Ohio State,0,20.1,25.2,-5.1,7.5,130,-150,14,17,0
2023,4,Northwestern,Minnesota,0,-1.3,0.4,-1.7,13,350,-480,37,34,1
2023,4,Baylor,Texas,0,-8.3,23.2,-31.5,14.5,425,-600,6,38,0
2023,4,Georgia,UAB,0,31.2,-14.7,45.9,-39.5,,,49,21,1
2023,4,Pittsburgh,North Carolina,0,-7.3,7.4,-14.7,5.5,200,-240,24,41,0
2023,4,Utah State,James Madison,0,-10.9,11.8,-22.7,6.5,190,-230,38,45,0
2023,4,Kansas State,UCF,0,16.2,3.4,12.8,-7,-260,215,44,31,1
2023,4,UTEP,UNLV,0,-16.2,1.4,-17.6,3,120,-140,28,45,0
2023,4,Arizona State,USC,0,-11.3,9.4,-20.7,33,,,28,42,0
2023,4,Fresno State,Kent State,0,2.5,-26.3,28.8,-28,-4000,1700,53,10,1
2023,4,Washington,California,0,16.4,-0.1,16.5,-21.5,-1500,775,59,32,1
2023,4,Hawai'i,New Mexico State,0,-16.4,-1.8,-14.6,-3,-140,120,20,17,1
2023,5,Western Kentucky,Middle Tennessee,0,-2,-9.5,7.5,-8,-225,185,31,10,1
2023,5,Tulsa,Temple,0,-13.7,-21,7.3,-4.5,-170,145,48,26,1
2023,5,Sam Houston,Jacksonville State,0,-13.8,-1.6,-12.2,6,210,-250,28,35,0
2023,5,NC State,Louisville,0,7.4,8,-0.6,3,145,-170,10,13,0
2023,5,Oregon State,Utah,0,12.6,8.5,4.1,-2.5,-166,140,21,7,1
2023,5,UTEP,Louisiana Tech,0,-16.2,-12.9,-3.3,-1,-115,-105,10,24,0
2023,5,BYU,Cincinnati,0,-3.3,-6.8,3.5,-3,-135,115,35,27,1
2023,5,Arkansas,Texas A&M,1,3.5,15.6,-12.1,4,200,-245,22,34,0
2023,5,UConn,Utah State,0,-15.6,-10.9,-4.7,4.5,195,-238,33,34,0
2023,5,James Madison,South Alabama,0,11.8,5.1,6.7,-1,-155,130,31,23,1
2023,5,Tulane,UAB,0,2.8,-14.7,17.5,-20,-1400,750,35,23,1
2023,5,Syracuse,Clemson,0,-4.4,10.5,-14.9,9,205,-250,14,31,0
2023,5,Colorado,USC,0,-4.9,9.4,-14.3,17,850,-1350,41,48,0
2023,5,Northwestern,Penn State,0,-1.3,23.5,-24.8,25.5,1100,-3300,13,41,0
2023,5,Akron,Buffalo,0,-21.6,-15.2,-6.4,-2.5,-142,120,10,13,0
2023,5,Minnesota,Louisiana,0,0.4,0.4,0.0,-9.5,,,35,24,1
2023,5,Kentucky,Florida,0,10.5,6.8,3.7,-3.5,-122,102,33,14,1
2023,5,Central Michigan,Eastern Michigan,0,-19.1,-12.3,-6.8,-7.5,-310,250,26,23,1
2023,5,Boston College,Virginia,0,-5.9,-10.8,4.9,-3,-166,140,27,24,1
2023,5,Kent State,Miami (OH),0,-26.3,2.8,-29.1,15.5,455,-625,3,23,0
2023,5,California,Arizona State,0,-0.1,-11.3,11.2,-12,-455,350,24,21,1
2023,5,Marshall,Old Dominion,0,-9,-10.1,1.1,-14,-550,410,41,35,1
2023,5,Texas,Kansas,0,23.2,9.9,13.3,-18.5,-800,525,40,14,1
2023,5,Navy,South Florida,0,-13.7,-6.6,-7.1,-4,-162,136,30,44,0
2023,5,Western Michigan,Ball State,0,-15.9,-14.9,-1.0,-1,-122,102,42,24,1
2023,5,Auburn,Georgia,0,7.6,31.2,-23.6,18,475,-700,20,27,0
2023,5,UCF,Baylor,0,3.4,-8.3,11.7,-12,-450,335,35,36,0
2023,5,Nebraska,Michigan,0,0.3,31.3,-31.0,18,625,-950,7,45,0
2023,5,Purdue,Illinois,0,-7.3,-2.5,-4.8,-1,-115,-105,44,19,1
2023,5,Texas Tech,Houston,0,6.1,-7.8,13.9,-10,-325,260,49,28,1
2023,5,Georgia Tech,Bowling Green,0,0.3,-7.8,8.1,-22,-1800,1000,27,38,0
2023,5,Massachusetts,Arkansas State,0,-17.5,-6.3,-11.2,-1,-115,-105,28,52,0
2023,5,Toledo,Northern Illinois,0,3.7,-7.5,11.2,-12.5,-520,390,35,33,1
2023,5,Maryland,Indiana,0,11,-7.4,18.4,-14,-650,470,44,17,1
2023,5,Memphis,Boise State,0,3.5,5.9,-2.4,-3.5,-170,142,35,32,1
2023,5,Wyoming,New Mexico,0,-3.6,-16.5,12.9,-12,,,35,26,1
2023,5,UNLV,Hawai'i,0,1.4,-16.4,17.8,-10,-440,330,44,20,1
2023,5,Vanderbilt,Missouri,0,-12.7,19.3,-32.0,12,390,-550,21,38,0
2023,5,Ole Miss,LSU,0,18.4,19.1,-0.7,4.5,120,-142,55,49,1
2023,5,Stanford,Oregon,0,-11.9,26.2,-38.1,27,1200,-4000,6,42,0
2023,5,Oklahoma,Iowa State,0,15,7.5,7.5,-21,-1300,725,50,20,1
2023,5,Georgia State,Troy,0,-6.8,9.8,-16.6,-3.5,-115,-105,7,28,0
2023,5,Rice,East Carolina,0,-10.2,-12.8,2.6,-5.5,-145,125,24,17,1
2023,5,Georgia Southern,Coastal Carolina,0,-5.2,-1.2,-4.0,-5,-230,190,38,28,1
2023,5,Southern Miss,Texas State,0,-14.4,-1.6,-12.8,7.5,215,-260,36,50,0
2023,5,Iowa,Michigan State,0,5.8,-6.8,12.6,-11.5,-470,360,26,16,1
2023,5,SMU,Charlotte,0,10.1,-21.4,31.5,-23,-2100,1100,34,16,1
2023,5,Tennessee,South Carolina,0,16.2,4.3,11.9,-11,-490,355,41,20,1
2023,5,Duke,Notre Dame,0,9.4,20.1,-10.7,6.5,180,-218,14,21,0
2023,5,TCU,West Virginia,0,7.9,7.5,0.4,-10.5,-470,360,21,24,0
2023,5,UL Monroe,App State,0,-21.6,3.8,-25.4,13.5,410,-550,40,41,0
2023,5,Air Force,San Diego State,0,5.9,-10.3,16.2,-10.5,-375,295,49,10,1
2023,5,Virginia Tech,Pittsburgh,0,5.8,-7.3,13.1,2.5,114,-135,38,21,1
2023,5,Mississippi State,Alabama,0,0.5,23.1,-22.6,11.5,500,-700,17,40,0
2023,5,Arizona,Washington,0,14.1,16.4,-2.3,18,750,-1200,24,31,0
2023,5,Fresno State,Nevada,0,2.5,-22,24.5,-24.5,-2800,1300,27,9,1
2023,6,Middle Tennessee,Jacksonville State,0,-9.5,-1.6,-7.9,-4,-165,140,30,45,0
2023,6,New Mexico State,Florida International,0,-1.8,-21.2,19.4,-6,-235,195,34,17,1
2023,6,Liberty,Sam Houston,0,8,-13.8,21.8,-18.5,-1000,625,21,16,1
2023,6,Louisiana Tech,Western Kentucky,0,-12.9,-2,-10.9,5,185,-225,28,35,0
2023,6,Oklahoma State,Kansas State,0,6.7,16.2,-9.5,11.5,340,-460,29,21,1
2023,6,Illinois,Nebraska,0,-2.5,0.3,-2.8,-3,-170,145,7,20,0
2023,6,Ohio State,Maryland,0,25.2,11,14.2,-18,-1200,700,37,17,1
2023,6,Mississippi State,Western Michigan,0,0.5,-15.9,16.4,-20,-1500,775,41,28,1
2023,6,Missouri,LSU,0,19.3,19.1,0.2,6,165,-195,39,49,0
2023,6,Texas,Oklahoma,1,23.2,15,8.2,6.5,-225,154,30,34,0
2023,6,Army,Boston College,0,-4,-5.9,1.9,-3,-145,125,24,27,0
2023,6,Wisconsin,Rutgers,0,9.4,3.5,5.9,-13.5,-525,375,24,13,1
2023,6,Massachusetts,Toledo,0,-17.5,3.7,-21.2,18.5,650,-1100,24,41,0
2023,6,Buffalo,Central Michigan,0,-15.2,-19.1,3.9,2,124,-155,37,13,1
2023,6,Temple,UTSA,0,-21,5.4,-26.4,13.5,425,-600,34,49,0
2023,6,NC State,Marshall,0,7.4,-9,16.4,-6.5,-250,210,48,41,1
2023,6,UCLA,Washington State,0,9.7,4.9,4.8,-4,-150,130,25,17,1
2023,6,Iowa,Purdue,0,5.8,-7.3,13.1,-2,-130,110,20,14,1
2023,6,Akron,Northern Illinois,0,-21.6,-7.5,-14.1,5,160,-185,14,55,0
2023,6,Texas A&M,Alabama,0,15.6,23.1,-7.5,8.5,110,-115,20,26,0
2023,6,Ohio,Kent State,0,-1.6,-26.3,24.7,-26,-4000,1200,42,17,1
2023,6,Clemson,Wake Forest,0,10.5,-7.9,18.4,-21,-1500,775,17,12,1
2023,6,Florida State,Virginia Tech,0,19.4,5.8,13.6,-24,-2800,1100,39,17,1
2023,6,North Carolina,Syracuse,0,7.4,-4.4,11.8,-8.5,-370,285,40,7,1
2023,6,Eastern Michigan,Ball State,0,-12.3,-14.9,2.6,-3,-130,110,24,10,1
2023,6,Navy,North Texas,0,-13.7,-6.7,-7.0,-6.5,-240,200,27,24,1
2023,6,Miami (OH),Bowling Green,0,2.8,-7.8,10.6,-11,-410,305,27,0,1
2023,6,Louisiana,Texas State,0,0.4,-1.6,2.0,-2.5,-135,115,34,30,1
2023,6,Florida,Vanderbilt,0,6.8,-12.7,19.5,-18,-1000,625,38,14,1
2023,6,Kansas,UCF,0,9.9,3.4,6.5,-3,105,-125,51,22,1
2023,6,UAB,South Florida,0,-14.7,-6.6,-8.1,4,145,-170,56,35,1
2023,6,Troy,Arkansas State,0,9.8,-6.3,16.1,-16,-800,525,37,3,1
2023,6,Rice,UConn,0,-10.2,-15.6,5.4,-10,-380,290,31,38,0
2023,6,Florida Atlantic,Tulsa,0,-9.4,-13.7,4.3,-3.5,-155,130,20,17,1
2023,6,Arizona State,Colorado,0,-11.3,-4.9,-6.4,4,150,-175,24,27,0
2023,6,Georgia,Kentucky,0,31.2,10.5,20.7,-14,-675,460,51,13,1
2023,6,UL Monroe,South Alabama,0,-21.6,5.1,-26.7,12,320,-360,7,55,0
2023,6,Southern Miss,Old Dominion,0,-14.4,-10.1,-4.3,-3,-155,102,13,17,0
2023,6,Minnesota,Michigan,0,0.4,31.3,-30.9,15,800,-1100,10,52,0
2023,6,Ole Miss,Arkansas,0,18.4,3.5,14.9,-9.5,-470,350,27,20,1
2023,6,Louisville,Notre Dame,0,8,20.1,-12.1,7,200,-240,33,20,1
2023,6,Miami,Georgia Tech,0,9.6,0.3,9.3,-20.5,-1300,725,20,23,0
2023,6,Wyoming,Fresno State,0,-3.6,2.5,-6.1,6,180,-220,24,19,1
2023,6,Boise State,San José State,0,5.9,-3.4,9.3,-9.5,-350,275,35,27,1
2023,6,Baylor,Texas Tech,0,-8.3,6.1,-14.4,1.5,100,-120,14,39,0
2023,6,Utah State,Colorado State,0,-10.9,-8.9,-2.0,0,124,-155,44,24,1
2023,6,Iowa State,TCU,0,7.5,7.9,-0.4,7,210,-250,27,14,1
2023,6,California,Oregon State,0,-0.1,12.6,-12.7,9.5,275,-350,40,52,0
2023,6,USC,Arizona,0,9.4,14.1,-4.7,-22,-1900,900,43,41,1
2023,7,Middle Tennessee,Louisiana Tech,0,-9.5,-12.9,3.4,-2.5,-150,130,31,23,1
2023,7,App State,Coastal Carolina,0,3.8,-1.2,5.0,-6,-225,185,24,27,0
2023,7,Jacksonville State,Liberty,0,-1.6,8,-9.6,6,225,-245,13,31,0
2023,7,Florida International,UTEP,0,-21.2,-16.2,-5.0,1.5,-105,-115,14,27,0
2023,7,New Mexico State,Sam Houston,0,-1.8,-13.8,12.0,-6,-170,145,27,13,1
2023,7,Houston,West Virginia,0,-7.8,7.5,-15.3,2.5,124,-135,41,39,1
2023,7,East Carolina,SMU,0,-12.8,10.1,-22.9,11,320,-425,10,31,0
2023,7,Memphis,Tulane,0,3.5,2.8,0.7,3,170,-170,21,31,0
2023,7,Utah State,Fresno State,0,-10.9,2.5,-13.4,7,185,-298,32,37,0
2023,7,Colorado,Stanford,0,-4.9,-11.9,7.0,-15,-520,340,43,46,0
2023,7,Florida State,Syracuse,0,19.4,-4.4,23.8,-18,-900,575,41,3,1
2023,7,Eastern Michigan,Kent State,0,-12.3,-26.3,14.0,-10.5,-270,270,28,14,1
2023,7,Rutgers,Michigan State,0,3.5,-6.8,10.3,-5,-220,180,27,24,1
2023,7,Michigan,Indiana,0,31.3,-7.4,38.7,-34,,,52,7,1
2023,7,North Texas,Temple,0,-6.7,-21,14.3,-8,-270,220,45,14,1
2023,7,Vanderbilt,Georgia,0,-12.7,31.2,-43.9,31.5,,,20,37,0
2023,7,Alabama,Arkansas,0,23.1,3.5,19.6,-18,-1350,850,24,21,1
2023,7,Cincinnati,Iowa State,0,-6.8,7.5,-14.3,-3.5,-185,160,10,30,0
2023,7,James Madison,Georgia Southern,0,11.8,-5.2,17.0,-3.5,-218,190,41,13,1
2023,7,Purdue,Ohio State,0,-7.3,25.2,-32.5,19.5,625,-1000,7,41,0
2023,7,Ball State,Toledo,0,-14.9,3.7,-18.6,16,525,-800,6,13,0
2023,7,Charlotte,Navy,0,-21.4,-13.7,-7.7,4.5,135,-160,0,14,0
2023,7,Utah,California,0,8.5,-0.1,8.6,-13.5,-375,320,34,14,1
2023,7,Maryland,Illinois,0,11,-2.5,13.5,-14.5,-600,425,24,27,0
2023,7,Penn State,Massachusetts,0,23.5,-17.5,41.0,-43,,,63,0,1
2023,7,Buffalo,Bowling Green,0,-15.2,-7.8,-7.4,-5,-155,154,14,24,0
2023,7,South Florida,Florida Atlantic,0,-6.6,-9.4,2.8,-2,-140,120,14,56,0
2023,7,Washington,Oregon,0,16.4,26.2,-9.8,-1.5,-150,130,36,33,1
2023,7,Army,Troy,0,-4,9.8,-13.8,4,205,-230,0,19,0
2023,7,Virginia Tech,Wake Forest,0,5.8,-7.9,13.7,1,-122,102,30,13,1
2023,7,Central Michigan,Akron,0,-19.1,-21.6,2.5,-13,-470,345,17,10,1
2023,7,South Carolina,Florida,0,4.3,6.8,-2.5,-1,-110,114,39,41,0
2023,7,Tennessee,Texas A&M,0,16.2,15.6,0.6,-3.5,-160,135,20,13,1
2023,7,Oklahoma State,Kansas,0,6.7,9.9,-3.2,4,124,-135,39,32,1
2023,7,TCU,BYU,0,7.9,-3.3,11.2,-5,-205,170,44,11,1
2023,7,Western Michigan,Miami (OH),0,-15.9,2.8,-18.7,9,250,-325,21,34,0
2023,7,Northern Illinois,Ohio,0,-7.5,-1.6,-5.9,7,180,-218,23,13,1
2023,7,Wisconsin,Iowa,0,9.4,5.8,3.6,-9.5,-340,250,6,15,0
2023,7,Nevada,UNLV,0,-22,1.4,-23.4,9.5,290,-380,27,45,0
2023,7,New Mexico,San José State,0,-16.5,-3.4,-13.1,9,255,-310,24,52,0
2023,7,Pittsburgh,Louisville,0,-7.3,8,-15.3,9.5,260,-320,38,21,1
2023,7,Washington State,Arizona,0,4.9,14.1,-9.2,-9,-300,250,6,44,0
2023,7,LSU,Auburn,0,19.1,7.6,11.5,-16,-440,330,48,18,1
2023,7,Georgia State,Marshall,0,-6.8,-9,2.2,-1,-125,-105,41,24,1
2023,7,Texas State,UL Monroe,0,-1.6,-21.6,20.0,-16.5,-1100,675,21,20,1
2023,7,Air Force,Wyoming,0,5.9,-3.6,9.5,-10,-415,310,34,27,1
2023,7,Texas Tech,Kansas State,0,6.1,16.2,-10.1,-1,-118,110,21,38,0
2023,7,North Carolina,Miami,0,7.4,9.6,-2.2,-1,-155,124,41,31,1
2023,7,Kentucky,Missouri,0,10.5,19.3,-8.8,-2.5,-125,114,21,38,0
2023,7,Notre Dame,USC,0,20.1,9.4,10.7,0,-125,105,48,20,1
2023,7,UTSA,UAB,0,5.4,-14.7,20.1,-8.5,-355,275,41,20,1
2023,7,Oregon State,UCLA,0,12.6,9.7,2.9,-4,-192,160,36,24,1
2023,7,Duke,NC State,0,9.4,7.4,2.0,-3.5,-175,150,24,3,1
2023,7,Colorado State,Boise State,0,-8.9,5.9,-14.8,7.5,250,-345,31,30,1
2023,7,Hawai'i,San Diego State,0,-16.4,-10.3,-6.1,6,190,-245,34,41,0
2023,8,Liberty,Middle Tennessee,0,8,-9.5,17.5,-14.5,-675,460,42,35,1
2023,8,Jacksonville State,Western Kentucky,0,-1.6,-2,0.4,8,270,-340,20,17,1
2023,8,South Alabama,Southern Miss,0,5.1,-14.4,19.5,-17,-1100,,55,3,1
2023,8,Sam Houston,Florida International,0,-13.8,-21.2,7.4,-5.5,-210,175,27,33,0
2023,8,UTEP,New Mexico State,0,-16.2,-1.8,-14.4,3,125,-145,7,28,0
2023,8,Tulsa,Rice,0,-13.7,-10.2,-3.5,-3,-160,135,10,42,0
2023,8,Marshall,James Madison,0,-9,11.8,-20.8,4,145,-170,9,20,0
2023,8,Temple,SMU,0,-21,10.1,-31.1,20.5,700,-1200,0,55,0
2023,8,Indiana,Rutgers,0,-7.4,3.5,-10.9,5.5,185,-225,14,31,0
2023,8,Cincinnati,Baylor,0,-6.8,-8.3,1.5,-3,-145,125,29,32,0
2023,8,Arkansas,Mississippi State,0,3.5,0.5,3.0,-6.5,-245,205,3,7,0
2023,8,Ohio State,Penn State,0,25.2,23.5,1.7,-10,-192,160,20,12,1
2023,8,UAB,Memphis,0,-14.7,3.5,-18.2,6.5,250,-300,21,45,0
2023,8,Georgia Tech,Boston College,0,0.3,-5.9,6.2,-4,-235,195,23,38,0
2023,8,Navy,Air Force,0,-13.7,5.9,-19.6,10.5,325,-435,6,17,0
2023,8,Oklahoma,UCF,0,15,3.4,11.6,-19.5,-1000,625,31,29,1
2023,8,Ohio,Western Michigan,0,-1.6,-15.9,14.3,-15.5,-750,525,20,17,1
2023,8,Georgia Southern,UL Monroe,0,-5.2,-21.6,16.4,-16.5,-800,525,38,28,1
2023,8,East Carolina,Charlotte,0,-12.8,-21.4,8.6,-7.5,-230,190,7,10,0
2023,8,Bowling Green,Akron,0,-7.8,-21.6,13.8,-9,-285,230,41,14,1
2023,8,Northern Illinois,Eastern Michigan,0,-7.5,-12.3,4.8,-11.5,-480,350,20,13,1
2023,8,Ball State,Central Michigan,0,-14.9,-19.1,4.2,3,170,-205,24,17,1
2023,8,Wake Forest,Pittsburgh,0,-7.9,-7.3,-0.6,-1.5,120,-142,21,17,1
2023,8,Illinois,Wisconsin,0,-2.5,9.4,-11.9,2,130,-150,21,25,0
2023,8,Missouri,South Carolina,0,19.3,4.3,15.0,-6,-278,225,34,12,1
2023,8,Nebraska,Northwestern,0,0.3,-1.3,1.6,-12,-425,330,17,9,1
2023,8,Oregon,Washington State,0,26.2,4.9,21.3,-19.5,-1300,725,38,24,1
2023,8,Kent State,Buffalo,0,-26.3,-15.2,-11.1,,210,-250,6,24,0
2023,8,UConn,South Florida,0,-15.6,-6.6,-9.0,3.5,-112,-108,21,24,0
2023,8,West Virginia,Oklahoma State,0,7.5,6.7,0.8,-2.5,-148,124,34,48,0
2023,8,Iowa,Minnesota,0,5.8,0.4,5.4,-5.5,-166,140,10,12,0
2023,8,Alabama,Tennessee,0,23.1,16.2,6.9,-9.5,-375,295,34,20,1
2023,8,Tulane,North Texas,0,2.8,-6.7,9.5,-19,-1350,800,35,28,1
2023,8,Miami (OH),Toledo,0,2.8,3.7,-0.9,1,100,-120,17,21,0
2023,8,Houston,Texas,0,-7.8,23.2,-31.0,23,900,-1900,24,31,0
2023,8,New Mexico,Hawai'i,0,-16.5,-16.4,-0.1,2,115,-135,42,21,1
2023,8,Florida Atlantic,UTSA,0,-9.4,5.4,-14.8,3,120,-140,10,36,0
2023,8,North Carolina,Virginia,0,7.4,-10.8,18.2,-23.5,-2200,1000,27,31,0
2023,8,San José State,Utah State,0,-3.4,-10.9,7.5,-3.5,-185,160,42,21,1
2023,8,Old Dominion,App State,0,-10.1,3.8,-13.9,6.5,180,-220,28,21,1
2023,8,Arkansas State,Coastal Carolina,0,-6.3,-1.2,-5.1,10,270,-340,17,27,0
2023,8,UNLV,Colorado State,0,1.4,-8.9,10.3,-8,-275,225,25,23,1
2023,8,Kansas State,TCU,0,16.2,7.9,8.3,-5,-230,190,41,3,1
2023,8,BYU,Texas Tech,0,-3.3,6.1,-9.4,4,130,-150,27,14,1
2023,8,Auburn,Ole Miss,0,7.6,18.4,-10.8,7,190,-230,21,28,0
2023,8,Florida State,Duke,0,19.4,9.4,10.0,-15.5,-600,440,38,20,1
2023,8,Michigan State,Michigan,0,-6.8,31.3,-38.1,19,1700,-4500,0,49,0
2023,8,LSU,Army,0,19.1,-4,23.1,-30.5,-10000,1600,62,0,1
2023,8,USC,Utah,0,9.4,8.5,0.9,-6.5,-270,220,32,34,0
2023,8,Miami,Clemson,0,9.6,10.5,-0.9,9.5,130,-150,28,20,1
2023,8,Louisiana,Georgia State,0,0.4,-6.8,7.2,-2,-148,124,17,20,0
2023,8,San Diego State,Nevada,0,-10.3,-22,11.7,-13,-410,320,0,6,0
2023,8,Stanford,UCLA,0,-11.9,9.7,-21.6,16.5,550,-850,7,42,0
2023,8,Washington,Arizona State,0,16.4,-11.3,27.7,-27.5,-4000,1600,15,7,1
2023,9,Louisiana Tech,New Mexico State,0,-12.9,-1.8,-11.1,-4,-155,130,24,27,0
2023,9,Western Kentucky,Liberty,0,-2,8,-10,1.5,164,-198,29,42,0
2023,9,Florida International,Jacksonville State,0,-21.2,-1.6,-19.6,7.5,260,-320,16,41,0
2023,9,Sam Houston,UTEP,0,-13.8,-16.2,2.4,-3,-185,154,34,37,0
2023,9,Georgia Southern,Georgia State,0,-5.2,-6.8,1.6,-2.5,-115,-105,44,27,1
2023,9,Virginia Tech,Syracuse,0,5.8,-4.4,10.2,-3,-142,120,38,10,1
2023,9,Charlotte,Florida Atlantic,0,-21.4,-9.4,-12.0,6,145,-170,16,38,0
2023,9,UCF,West Virginia,0,3.4,7.5,-4.1,-7,-258,210,28,41,0
2023,9,Boston College,UConn,0,-5.9,-15.6,9.7,-13,-625,455,21,14,1
2023,9,Penn State,Indiana,0,23.5,-7.4,30.9,-31,-8000,2200,33,24,1
2023,9,Wake Forest,Florida State,0,-7.9,19.4,-27.3,20,850,-1450,16,41,0
2023,9,Texas A&M,South Carolina,0,15.6,4.3,11.3,-13.5,-750,500,30,17,1
2023,9,Army,Massachusetts,0,-4,-17.5,13.5,-9,-360,280,14,21,0
2023,9,SMU,Tulsa,0,10.1,-13.7,23.8,-19.5,-1350,800,69,10,1
2023,9,Kansas,Oklahoma,0,9.9,15,-5.1,7,245,-305,38,33,1
2023,9,Kansas State,Houston,0,16.2,-7.8,24.0,-17,-1050,675,41,0,1
2023,9,Northwestern,Maryland,0,-1.3,11,-12.3,13,430,-625,33,27,1
2023,9,Eastern Michigan,Western Michigan,0,-12.3,-15.9,3.6,1.5,130,-155,21,45,0
2023,9,NC State,Clemson,0,7.4,10.5,-3.1,10,275,-350,24,17,1
2023,9,North Texas,Memphis,0,-6.7,3.5,-10.2,7.5,205,-250,42,45,0
2023,9,Ohio,Miami (OH),0,-1.6,2.8,-4.4,-7,-300,250,16,30,0
2023,9,Auburn,Mississippi State,0,7.6,0.5,7.1,-6,-245,205,27,13,1
2023,9,Florida,Georgia,1,6.8,31.2,-24.4,21.5,410,-550,20,43,0
2023,9,Notre Dame,Pittsburgh,0,20.1,-7.3,27.4,-18,-1500,775,58,7,1
2023,9,Nebraska,Purdue,0,0.3,-7.3,7.6,-3,100,-120,31,14,1
2023,9,App State,Southern Miss,0,3.8,-14.4,18.2,-17,-850,550,48,38,1
2023,9,Minnesota,Michigan State,0,0.4,-6.8,7.2,-7,-270,220,27,12,1
2023,9,Miami,Virginia,0,9.6,-10.8,20.4,-18,-1100,650,29,26,1
2023,9,Baylor,Iowa State,0,-8.3,7.5,-15.8,-1.5,130,-150,18,30,0
2023,9,Texas,BYU,0,23.2,-3.3,26.5,-17.5,-1200,750,35,6,1
2023,9,UTSA,East Carolina,0,5.4,-12.8,18.2,-17,-1000,650,41,27,1
2023,9,Louisville,Duke,0,8,9.4,-1.4,-4,-198,164,23,0,1
2023,9,Utah,Oregon,0,8.5,26.2,-17.7,5,195,-235,6,35,0
2023,9,California,USC,0,-0.1,9.4,-9.5,11,320,-410,49,50,0
2023,9,Rice,Tulane,0,-10.2,2.8,-13.0,10.5,320,-430,28,30,0
2023,9,South Alabama,Louisiana,0,5.1,0.4,4.7,-10,-440,340,20,33,0
2023,9,UL Monroe,Arkansas State,0,-21.6,-6.3,-15.3,-2,-112,-108,24,34,0
2023,9,Boise State,Wyoming,0,5.9,-3.6,9.5,-5,-185,154,32,7,1
2023,9,Coastal Carolina,Marshall,0,-1.2,-9,7.8,3.5,142,-170,34,6,1
2023,9,Kentucky,Tennessee,0,10.5,16.2,-5.7,4,150,-175,27,33,0
2023,9,Stanford,Washington,0,-11.9,16.4,-28.3,26.5,1300,-5000,33,42,0
2023,9,Texas State,Troy,0,-1.6,9.8,-11.4,6,215,-265,13,31,0
2023,9,Colorado State,Air Force,0,-8.9,5.9,-14.8,12,455,-625,13,30,0
2023,9,Wisconsin,Ohio State,0,9.4,25.2,-15.8,9.5,450,-650,10,24,0
2023,9,Ole Miss,Vanderbilt,0,18.4,-12.7,31.1,-25,-3300,1100,33,7,1
2023,9,UCLA,Colorado,0,9.7,-4.9,14.6,-15.5,-600,440,28,16,1
2023,9,James Madison,Old Dominion,0,11.8,-10.1,21.9,-17.5,-1450,850,30,27,1
2023,9,Oklahoma State,Cincinnati,0,6.7,-6.8,13.5,-8,-310,255,45,13,1
2023,9,Georgia Tech,North Carolina,0,0.3,7.4,-7.1,11.5,380,-500,46,42,1
2023,9,Arizona State,Washington State,0,-11.3,4.9,-16.2,6.5,170,-205,38,27,1
2023,9,Fresno State,UNLV,0,2.5,1.4,1.1,-7,-425,330,31,24,1
2023,9,Nevada,New Mexico,0,-22,-16.5,-5.5,-1.5,-105,-115,34,24,1
2023,9,Arizona,Oregon State,0,14.1,12.6,1.5,5,130,-155,27,24,1
2023,9,Hawai'i,San José State,0,-16.4,-3.4,-13.0,8.5,310,-395,0,35,0
2023,10,Central Michigan,Northern Illinois,0,-19.1,-7.5,-11.6,3.5,180,-220,37,31,1
2023,10,Toledo,Buffalo,0,3.7,-15.2,18.9,-15.5,-750,500,31,13,1
2023,10,Bowling Green,Ball State,0,-7.8,-14.9,7.1,-6.5,-205,170,24,21,1
2023,10,Akron,Kent State,0,-21.6,-26.3,4.7,-4.5,-170,145,31,27,1
2023,10,Texas Tech,TCU,0,6.1,7.9,-1.8,-3,-150,130,35,28,1
2023,10,Troy,South Alabama,0,9.8,5.1,4.7,-5.5,-210,175,28,10,1
2023,10,Duke,Wake Forest,0,9.4,-7.9,17.3,-12.5,-270,220,24,21,1
2023,10,Syracuse,Boston College,0,-4.4,-5.9,1.5,-3,-140,120,10,17,0
2023,10,Wyoming,Colorado State,0,-3.6,-8.9,5.3,-7,-235,195,24,15,1
2023,10,Texas,Kansas State,0,23.2,16.2,7.0,-8.5,-210,175,33,30,1
2023,10,Tennessee,UConn,0,16.2,-15.6,31.8,-34,,,59,3,1
2023,10,Florida,Arkansas,0,6.8,3.5,3.3,-6,-235,195,36,39,0
2023,10,Rutgers,Ohio State,0,3.5,25.2,-21.7,18,650,-1100,16,35,0
2023,10,South Carolina,Jacksonville State,0,4.3,-1.6,5.9,-14.5,-700,475,38,28,1
2023,10,Clemson,Notre Dame,0,10.5,20.1,-9.6,-5,135,-160,31,23,1
2023,10,Ole Miss,Texas A&M,0,18.4,15.6,2.8,-3,-148,124,38,35,1
2023,10,Michigan State,Nebraska,0,-6.8,0.3,-7.1,3.5,120,-140,20,17,1
2023,10,Indiana,Wisconsin,0,-7.4,9.4,-16.8,9.5,275,-350,20,14,1
2023,10,Virginia,Georgia Tech,0,-10.8,0.3,-11.1,-2.5,-125,105,17,45,0
2023,10,Temple,Navy,0,-21,-13.7,-7.3,7,210,-250,32,18,1
2023,10,Utah,Arizona State,0,8.5,-11.3,19.8,-11.5,-430,320,55,3,1
2023,10,Air Force,Army,1,5.9,-4,9.9,-19,-1200,700,3,23,0
2023,10,North Texas,UTSA,0,-6.7,5.4,-12.1,8,260,-320,29,37,0
2023,10,Arkansas State,Louisiana,0,-6.3,0.4,-6.7,9.5,290,-380,37,17,1
2023,10,Memphis,South Florida,0,3.5,-6.6,10.1,-13.5,-550,390,59,50,1
2023,10,UAB,Florida Atlantic,0,-14.7,-9.4,-5.3,2,-105,-115,45,42,1
2023,10,Georgia State,James Madison,0,-6.8,11.8,-18.6,5.5,195,-238,14,42,0
2023,10,Maryland,Penn State,0,11,23.5,-12.5,12,245,-305,15,51,0
2023,10,Oklahoma State,Oklahoma,0,6.7,15,-8.3,8,180,-220,27,24,1
2023,10,Northwestern,Iowa,1,-1.3,5.8,-7.1,5.5,175,-210,7,10,0
2023,10,Pittsburgh,Florida State,0,-7.3,19.4,-26.7,23,800,-1350,7,24,0
2023,10,East Carolina,Tulane,0,-12.8,2.8,-15.6,16.5,525,-800,10,13,0
2023,10,Georgia,Missouri,0,31.2,19.3,11.9,-16,-700,475,30,21,1
2023,10,Minnesota,Illinois,0,0.4,-2.5,2.9,-3,-120,100,26,27,0
2023,10,Old Dominion,Coastal Carolina,0,-10.1,-1.2,-8.9,-35,-110,-110,24,28,0
2023,10,Louisville,Virginia Tech,0,8,5.8,2.2,-10.5,-390,295,34,3,1
2023,10,Baylor,Houston,0,-8.3,-7.8,-0.5,-3,-170,145,24,25,0
2023,10,Cincinnati,UCF,0,-6.8,3.4,-10.2,4.5,170,-200,26,28,0
2023,10,Southern Miss,UL Monroe,0,-14.4,-21.6,7.2,-2.5,-142,120,24,7,1
2023,10,Vanderbilt,Auburn,0,-12.7,7.6,-20.3,13,390,-520,15,31,0
2023,10,Tulsa,Charlotte,0,-13.7,-21.4,7.7,-3.5,-175,150,26,33,0
2023,10,Nevada,Hawai'i,0,-22,-16.4,-5.6,-3.5,-180,155,14,27,0
2023,10,Texas State,Georgia Southern,0,-1.6,-5.2,3.6,1.5,105,-125,45,24,1
2023,10,Oregon,California,0,26.2,-0.1,26.3,-24,-4000,1600,63,19,1
2023,10,New Mexico State,Middle Tennessee,0,-1.8,-9.5,7.7,-3,-155,130,13,7,1
2023,10,Liberty,Louisiana Tech,0,8,-12.9,20.9,-17,-900,575,56,30,1
2023,10,App State,Marshall,0,3.8,-9,12.8,-4,-162,136,31,9,1
2023,10,New Mexico,UNLV,0,-16.5,1.4,-17.9,10,295,-390,14,56,0
2023,10,Iowa State,Kansas,0,7.5,9.9,-2.4,-2.5,-135,115,21,28,0
2023,10,San Diego State,Utah State,0,-10.3,-10.9,0.6,1,114,-135,24,32,0
2023,10,West Virginia,BYU,0,7.5,-3.3,10.8,-9,-410,305,37,7,1
2023,10,Mississippi State,Kentucky,0,0.5,10.5,-10.0,3,185,-225,3,24,0
2023,10,USC,Washington,0,9.4,16.4,-7.0,-6,120,-142,42,52,0
2023,10,Rice,SMU,0,-10.2,10.1,-20.3,11,335,-450,31,36,0
2023,10,Michigan,Purdue,0,31.3,-7.3,38.6,-32.5,-20000,3000,41,13,1
2023,10,Alabama,LSU,0,23.1,19.1,4.0,-6.5,-150,130,42,28,1
2023,10,NC State,Miami,0,7.4,9.6,-2.2,4,210,-258,20,6,1
2023,10,Washington State,Stanford,0,4.9,-11.9,16.8,-13.5,-575,400,7,10,0
2023,10,UTEP,Western Kentucky,0,-16.2,-2,-14.2,10.5,275,-350,13,21,0
2023,10,Fresno State,Boise State,0,2.5,5.9,-3.4,-3.5,-142,120,37,30,1
2023,10,Colorado,Oregon State,0,-4.9,12.6,-17.5,11.5,400,-535,19,26,0
2023,10,Arizona,UCLA,0,14.1,9.7,4.4,2.5,120,-140,27,10,1
2023,11,Western Michigan,Central Michigan,0,-15.9,-19.1,3.2,-3.5,-175,150,38,28,1
2023,11,Northern Illinois,Ball State,0,-7.5,-14.9,7.4,-10,-390,295,17,20,0
2023,11,Buffalo,Ohio,0,-15.2,-1.6,-13.6,6.5,240,-290,10,20,0
2023,11,Kent State,Bowling Green,0,-26.3,-7.8,-18.5,8.5,250,-300,19,49,0
2023,11,Miami (OH),Akron,0,2.8,-21.6,24.4,-17,-900,575,19,0,1
2023,11,Toledo,Eastern Michigan,0,3.7,-12.3,16.0,-18,-1100,650,49,23,1
2023,11,Louisiana,Southern Miss,0,0.4,-14.4,14.8,-12,-470,345,31,34,0
2023,11,Louisville,Virginia,0,8,-10.8,18.8,-19.5,-1300,725,31,24,1
2023,11,SMU,North Texas,0,10.1,-6.7,16.8,-15.5,-750,500,45,21,1
2023,11,UNLV,Wyoming,0,1.4,-3.6,5.0,-3,-200,170,34,14,1
2023,11,South Florida,Temple,0,-6.6,-21,14.4,-8,-285,235,27,23,1
2023,11,South Carolina,Vanderbilt,0,4.3,-12.7,17.0,-14.5,-575,400,47,6,1
2023,11,Penn State,Michigan,0,23.5,31.3,-7.8,2,160,-192,15,24,0
2023,11,Illinois,Indiana,0,-2.5,-7.4,4.9,-5.5,-210,175,48,45,1
2023,11,Nebraska,Maryland,0,0.3,11,-10.7,1,105,-125,10,13,0
2023,11,Clemson,Georgia Tech,0,10.5,0.3,10.2,-14.5,-675,460,42,21,1
2023,11,Kentucky,Alabama,0,10.5,23.1,-12.6,-3,360,-500,21,49,0
2023,11,Boston College,Virginia Tech,0,-5.9,5.8,-11.7,-2.5,125,-145,22,48,0
2023,11,Tulane,Tulsa,0,2.8,-13.7,16.5,-22.5,-2500,1000,24,22,1
2023,11,Kansas,Texas Tech,0,9.9,6.1,3.8,-3.5,-195,165,13,16,0
2023,11,Liberty,Old Dominion,0,8,-10.1,18.1,-13,-585,410,38,10,1
2023,11,Charlotte,Memphis,0,-21.4,3.5,-24.9,11.5,315,-420,38,44,0
2023,11,Wake Forest,NC State,0,-7.9,7.4,-15.3,2.5,100,-120,6,26,0
2023,11,James Madison,UConn,0,11.8,-15.6,27.4,-27,-6500,1300,44,6,1
2023,11,Colorado,Arizona,0,-4.9,14.1,-19.0,10,275,-350,31,34,0
2023,11,UL Monroe,Troy,0,-21.6,9.8,-31.4,20.5,900,-1900,14,45,0
2023,11,Georgia State,App State,0,-6.8,3.8,-10.6,-2,-145,125,14,42,0
2023,11,Louisiana Tech,Sam Houston,0,-12.9,-13.8,0.9,-7.5,-310,255,27,42,0
2023,11,Kansas State,Baylor,0,16.2,-8.3,24.5,-20,-1800,850,59,25,1
2023,11,Utah State,Nevada,0,-10.9,-22,11.1,-16,-800,525,41,24,1
2023,11,Missouri,Tennessee,0,19.3,16.2,3.1,1,115,-135,36,7,1
2023,11,Coastal Carolina,Texas State,0,-1.2,-1.6,0.4,-1.5,110,-130,31,23,1
2023,11,Purdue,Minnesota,0,-7.3,0.4,-7.7,0,105,-125,49,30,1
2023,11,Navy,UAB,0,-13.7,-14.7,1.0,5,120,-140,31,6,1
2023,11,Iowa,Rutgers,0,5.8,3.5,2.3,-2.5,-120,100,22,0,1
2023,11,Wisconsin,Northwestern,0,9.4,-1.3,10.7,-11.5,-460,340,10,24,0
2023,11,Middle Tennessee,Florida International,0,-9.5,-21.2,11.7,-11,-430,320,40,6,1
2023,11,Florida State,Miami,0,19.4,9.6,9.8,-15,-625,455,27,20,1
2023,11,Washington,Utah,0,16.4,8.5,7.9,-3.5,-375,295,35,28,1
2023,11,Western Kentucky,New Mexico State,0,-2,-1.8,-0.2,-5.5,-200,170,29,38,0
2023,11,Syracuse,Pittsburgh,1,-4.4,-7.3,2.9,1.5,130,-150,28,13,1
2023,11,UCF,Oklahoma State,0,3.4,6.7,-3.3,2.5,115,-135,45,3,1
2023,11,California,Washington State,0,-0.1,4.9,-5.0,0,-125,105,42,39,1
2023,11,Florida Atlantic,East Carolina,0,-9.4,-12.8,3.4,-10,-310,255,7,22,0
2023,11,Arkansas,Auburn,0,3.5,7.6,-4.1,-3,-125,105,10,48,0
2023,11,South Alabama,Arkansas State,0,5.1,-6.3,11.4,-11,-575,400,21,14,1
2023,11,Oregon State,Stanford,0,12.6,-11.9,24.5,-20.5,-1800,850,62,17,1
2023,11,Georgia,Ole Miss,0,31.2,18.4,12.8,-19.5,-520,390,52,17,1
2023,11,Colorado State,San Diego State,0,-8.9,-10.3,1.4,-4,-175,150,22,19,1
2023,11,Marshall,Georgia Southern,0,-9,-5.2,-3.8,1.5,100,-120,38,33,1
2023,11,Oklahoma,West Virginia,0,15,7.5,7.5,-13,-490,355,59,20,1
2023,11,Houston,Cincinnati,0,-7.8,-6.8,-1.0,-2,-160,135,14,24,0
2023,11,TCU,Texas,0,7.9,23.2,-15.3,6,410,-550,26,29,0
2023,11,LSU,Florida,0,19.1,6.8,12.3,-15.5,-750,500,52,35,1
2023,11,UTSA,Rice,0,5.4,-10.2,15.6,-12.5,-550,390,34,14,1
2023,11,Ohio State,Michigan State,0,25.2,-6.8,32.0,-25,-20000,2400,38,3,1
2023,11,Texas A&M,Mississippi State,0,15.6,0.5,15.1,-18,-1100,650,51,10,1
2023,11,North Carolina,Duke,0,7.4,9.4,-2.0,-8.5,-525,375,47,45,1
2023,11,UCLA,Arizona State,0,9.7,-11.3,21.0,-16.5,-850,550,7,17,0
2023,11,Boise State,New Mexico,0,5.9,-16.5,22.4,-25,-7000,1300,42,14,1
2023,11,BYU,Iowa State,0,-3.3,7.5,-10.8,7,240,-290,13,45,0
2023,11,Oregon,USC,0,26.2,9.4,16.8,-3,-800,525,36,27,1
2023,11,San José State,Fresno State,0,-3.4,2.5,-5.9,1,-130,110,42,18,1
2023,11,Hawai'i,Air Force,0,-16.4,5.9,-22.3,19,725,-1300,27,13,1
2023,12,Bowling Green,Toledo,0,-7.8,3.7,-11.5,9.5,270,-340,31,32,0
2023,12,Eastern Michigan,Akron,0,-12.3,-21.6,9.3,-7,-162,136,30,27,1
2023,12,Northern Illinois,Western Michigan,0,-7.5,-15.9,8.4,-3.5,-198,164,24,0,1
2023,12,Miami (OH),Buffalo,0,2.8,-15.2,18.0,-8.5,-298,240,23,10,1
2023,12,Ohio,Central Michigan,0,-1.6,-19.1,17.5,-9.5,-455,350,34,20,1
2023,12,Pittsburgh,Boston College,0,-7.3,-5.9,-1.4,-2,-140,120,24,16,1
2023,12,UTSA,South Florida,0,5.4,-6.6,12.0,-15.5,-650,470,49,21,1
2023,12,Washington State,Colorado,0,4.9,-4.9,9.8,-5.5,-205,170,56,14,1
2023,12,Florida Atlantic,Tulane,0,-9.4,2.8,-12.2,9,275,-345,8,24,0
2023,12,Maryland,Michigan,0,11,31.3,-20.3,21,600,-900,24,31,0
2023,12,Northwestern,Purdue,0,-1.3,-7.3,6.0,-1,-135,114,23,15,1
2023,12,BYU,Oklahoma,0,-3.3,15,-18.3,24,1200,-2400,24,31,0
2023,12,Miami,Louisville,0,9.6,8,1.6,2,-115,-105,31,38,0
2023,12,Indiana,Michigan State,0,-7.4,-6.8,-0.6,-5,-165,140,21,24,0
2023,12,Army,Coastal Carolina,0,-4,-1.2,-2.8,5,145,-170,28,21,1
2023,12,Mississippi State,Southern Miss,0,0.5,-14.4,14.9,-14,-850,575,41,20,1
2023,12,Penn State,Rutgers,0,23.5,3.5,20.0,-19.5,-1100,700,27,6,1
2023,12,Navy,East Carolina,0,-13.7,-12.8,-0.9,-3,-145,125,10,0,1
2023,12,Memphis,SMU,0,3.5,10.1,-6.6,7.5,295,-375,34,38,0
2023,12,Ole Miss,UL Monroe,0,18.4,-21.6,40.0,-37,-20000,3500,35,3,1
2023,12,Liberty,Massachusetts,0,8,-17.5,25.5,-28,-2800,1300,49,25,1
2023,12,Ball State,Kent State,0,-14.9,-26.3,11.4,-11.5,-525,375,34,3,1
2023,12,Wyoming,Hawai'i,0,-3.6,-16.4,12.8,-14.5,-550,410,42,9,1
2023,12,Jacksonville State,Louisiana Tech,0,-1.6,-12.9,11.3,-8,-330,265,56,17,1
2023,12,Charlotte,Rice,0,-21.4,-10.2,-11.2,1.5,105,-125,7,28,0
2023,12,Middle Tennessee,UTEP,0,-9.5,-16.2,6.7,-7.5,-300,250,34,30,1
2023,12,James Madison,App State,0,11.8,3.8,8.0,-11.5,-395,310,23,26,0
2023,12,West Virginia,Cincinnati,0,7.5,-6.8,14.3,-6,-245,205,42,21,1
2023,12,Arizona,Utah,0,14.1,8.5,5.6,0,-115,-105,42,18,1
2023,12,Tulsa,North Texas,0,-13.7,-6.7,-7.0,2.5,100,-120,28,35,0
2023,12,UAB,Temple,0,-14.7,-21,6.3,-7.5,-290,240,34,24,1
2023,12,Virginia,Duke,0,-10.8,9.4,-20.2,3.5,150,-175,30,27,1
2023,12,Colorado State,Nevada,0,-8.9,-22,13.1,-11,-480,350,30,20,1
2023,12,Arkansas State,Texas State,0,-6.3,-1.6,-4.7,3.5,150,-175,77,31,1
2023,12,Air Force,UNLV,0,5.9,1.4,4.5,-4,-148,124,27,31,0
2023,12,Iowa,Illinois,0,5.8,-2.5,8.3,-4,-145,125,15,13,1
2023,12,Western Kentucky,Sam Houston,0,-2,-13.8,11.8,-13,-525,375,28,23,1
2023,12,USC,UCLA,0,9.4,9.7,-0.3,-12,-250,210,20,38,0
2023,12,Tennessee,Georgia,0,16.2,31.2,-15.0,8.5,285,-360,10,38,0
2023,12,Troy,Louisiana,0,9.8,0.4,9.4,-14.5,-700,500,31,24,1
2023,12,Notre Dame,Wake Forest,0,20.1,-7.9,28.0,-25,-2100,1100,45,7,1
2023,12,Virginia Tech,NC State,0,5.8,7.4,-1.6,-3,-140,120,28,35,0
2023,12,TCU,Baylor,0,7.9,-8.3,16.2,-4,-535,400,42,17,1
2023,12,Clemson,North Carolina,0,10.5,7.4,3.1,-10.5,-300,250,31,20,1
2023,12,Arizona State,Oregon,0,-11.3,26.2,-37.5,22,1200,-2400,13,49,0
2023,12,Ohio State,Minnesota,0,25.2,0.4,24.8,-28,-4500,1700,37,3,1
2023,12,Auburn,New Mexico State,0,7.6,-1.8,9.4,-22,-1800,1000,10,31,0
2023,12,Houston,Oklahoma State,0,-7.8,6.7,-14.5,7.5,205,-250,30,43,0
2023,12,South Alabama,Marshall,0,5.1,-9,14.1,-8,-375,295,28,0,1
2023,12,Texas Tech,UCF,0,6.1,3.4,2.7,-3,-130,110,24,23,1
2023,12,Georgia Southern,Old Dominion,0,-5.2,-10.1,4.9,-7,-225,185,17,20,0
2023,12,Stanford,California,0,-11.9,-0.1,-11.8,4.5,225,-278,15,27,0
2023,12,Kansas,Kansas State,0,9.9,16.2,-6.3,6,225,-278,27,31,0
2023,12,Utah State,Boise State,0,-10.9,5.9,-16.8,4,170,-205,10,45,0
2023,12,South Carolina,Kentucky,0,4.3,10.5,-6.2,1.5,-130,110,17,14,1
2023,12,Arkansas,Florida International,0,3.5,-21.2,24.7,-32,-3200,1400,44,20,1
2023,12,Wisconsin,Nebraska,0,9.4,0.3,9.1,-5,-278,225,24,17,1
2023,12,Oregon State,Washington,0,12.6,16.4,-3.8,1,-118,-102,20,22,0
2023,12,Missouri,Florida,0,19.3,6.8,12.5,-10.5,-485,370,33,31,1
2023,12,LSU,Georgia State,0,19.1,-6.8,25.9,-30.5,-10000,3000,56,14,1
2023,12,Georgia Tech,Syracuse,0,0.3,-4.4,4.7,-6,-225,185,31,22,1
2023,12,Iowa State,Texas,0,7.5,23.2,-15.7,8.5,255,-310,16,26,0
2023,12,San José State,San Diego State,0,-3.4,-10.3,6.9,-14,-700,500,24,13,1
2023,12,Fresno State,New Mexico,0,2.5,-16.5,19.0,-24,-2500,1000,17,25,0
2023,13,Western Michigan,Bowling Green,0,-15.9,-7.8,-8.1,1.5,100,-120,10,34,0
2023,13,Buffalo,Eastern Michigan,0,-15.2,-12.3,-2.9,-6.5,-230,190,11,24,0
2023,13,Mississippi State,Ole Miss,0,0.5,18.4,-17.9,1.5,335,-450,7,17,0
2023,13,Nebraska,Iowa,0,0.3,5.8,-5.5,1,-148,124,10,13,0
2023,13,Boston College,Miami,0,-5.9,9.6,-15.5,9,280,-355,20,45,0
2023,13,Central Michigan,Toledo,0,-19.1,3.7,-22.8,12.5,360,-500,17,32,0
2023,13,Akron,Ohio,0,-21.6,-1.6,-20.0,14,430,-625,14,25,0
2023,13,Oklahoma,TCU,0,15,7.9,7.1,-7,-400,300,69,45,1
2023,13,Temple,Memphis,0,-21,3.5,-24.5,11,440,-600,21,45,0
2023,13,New Mexico,Utah State,0,-16.5,-10.9,-5.6,8.5,170,-205,41,44,0
2023,13,Tulane,UTSA,0,2.8,5.4,-2.6,-2.5,-145,125,29,16,1
2023,13,Arkansas,Missouri,0,3.5,19.3,-15.8,7,280,-355,14,48,0
2023,13,Boise State,Air Force,0,5.9,5.9,0.0,-6.5,-238,195,27,19,1
2023,13,Michigan State,Penn State,1,-6.8,23.5,-30.3,10.5,750,-1400,0,42,0
2023,13,Texas,Texas Tech,0,23.2,6.1,17.1,-13.5,-675,490,57,7,1
2023,13,Oregon,Oregon State,0,26.2,12.6,13.6,-8,-650,450,31,7,1
2023,13,Sam Houston,Middle Tennessee,0,-13.8,-9.5,-4.3,4,145,-175,23,20,1
2023,13,Michigan,Ohio State,0,31.3,25.2,6.1,-2.5,-155,130,30,24,1
2023,13,LSU,Texas A&M,0,19.1,15.6,3.5,-10.5,-415,310,42,30,1
2023,13,UCF,Houston,0,3.4,-7.8,11.2,-13.5,-675,490,27,13,1
2023,13,Purdue,Indiana,0,-7.3,-7.4,0.1,-2.5,-130,110,35,31,1
2023,13,Louisville,Kentucky,0,8,10.5,-2.5,-7,-278,225,31,38,0
2023,13,Ball State,Miami (OH),0,-14.9,2.8,-17.7,6.5,142,-170,15,17,0
2023,13,Massachusetts,UConn,0,-17.5,-15.6,-1.9,2.5,-130,110,18,31,0
2023,13,Kent State,Northern Illinois,0,-26.3,-7.5,-18.8,18.5,1000,-1800,27,37,0
2023,13,Duke,Pittsburgh,0,9.4,-7.3,16.7,-6.5,-185,154,30,19,1
2023,13,SMU,Navy,0,10.1,-13.7,23.8,-20,-1600,800,59,14,1
2023,13,Southern Miss,Troy,0,-14.4,9.8,-24.2,17,550,-850,17,35,0
2023,13,Rice,Florida Atlantic,0,-10.2,-9.4,-0.8,-5,-150,130,24,21,1
2023,13,East Carolina,Tulsa,0,-12.8,-13.7,0.9,-3,-142,120,27,29,0
2023,13,Syracuse,Wake Forest,0,-4.4,-7.9,3.5,-2.5,-130,110,35,31,1
2023,13,Old Dominion,Georgia State,0,-10.1,-6.8,-3.3,-2,-150,130,25,24,1
2023,13,North Texas,UAB,0,-6.7,-14.7,8.0,-3,-150,130,45,42,1
2023,13,Florida International,Western Kentucky,0,-21.2,-2,-19.2,10,350,-455,28,41,0
2023,13,Louisiana,UL Monroe,0,0.4,-21.6,22.0,-12.5,-455,350,52,21,1
2023,13,UNLV,San José State,0,1.4,-3.4,4.8,-3,-160,135,31,37,0
2023,13,Utah,Colorado,0,8.5,-4.9,13.4,-22,-2800,1100,23,17,1
2023,13,Arizona State,Arizona,0,-11.3,14.1,-25.4,12.5,370,-510,23,59,0
2023,13,Coastal Carolina,James Madison,0,-1.2,11.8,-13.0,9.5,275,-350,14,56,0
2023,13,Auburn,Alabama,0,7.6,23.1,-15.5,14,425,-575,24,27,0
2023,13,Illinois,Northwestern,0,-2.5,-1.3,-1.2,-5.5,-220,180,43,45,0
2023,13,Marshall,Arkansas State,0,-9,-6.3,-2.7,-3,-140,120,35,21,1
2023,13,Oklahoma State,BYU,0,6.7,-3.3,10.0,-17.5,-750,525,40,34,1
2023,13,Tennessee,Vanderbilt,0,16.2,-12.7,28.9,-25.5,-3200,1400,48,24,1
2023,13,UTEP,Liberty,0,-16.2,8,-24.2,17,700,-1100,28,42,0
2023,13,Rutgers,Maryland,0,3.5,11,-7.5,1.5,105,-125,24,42,0
2023,13,Virginia,Virginia Tech,0,-10.8,5.8,-16.6,2.5,105,-125,17,55,0
2023,13,App State,Georgia Southern,0,3.8,-5.2,9.0,-8,-350,275,55,27,1
2023,13,Minnesota,Wisconsin,0,0.4,9.4,-9.0,2,105,-125,14,28,0
2023,13,Washington,Washington State,0,16.4,4.9,11.5,-16.5,-950,600,24,21,1
2023,13,New Mexico State,Jacksonville State,0,-1.8,-1.6,-0.2,-2.5,-120,100,20,17,1
2023,13,Stanford,Notre Dame,0,-11.9,20.1,-32.0,24.5,1700,-4500,23,56,0
2023,13,Texas State,South Alabama,0,-1.6,5.1,-6.7,5,200,-245,52,44,1
2023,13,Florida,Florida State,0,6.8,19.4,-12.6,9.5,205,-245,15,24,0
2023,13,Baylor,West Virginia,0,-8.3,7.5,-15.8,6.5,215,-260,31,34,0
2023,13,South Carolina,Clemson,0,4.3,10.5,-6.2,7,235,-290,7,16,0
2023,13,Georgia Tech,Georgia,0,0.3,31.2,-30.9,23,1000,-2500,23,31,0
2023,13,Cincinnati,Kansas,0,-6.8,9.9,-16.7,6,250,-310,16,49,0
2023,13,South Florida,Charlotte,0,-6.6,-21.4,14.8,-5.5,-278,225,48,14,1
2023,13,Kansas State,Iowa State,0,16.2,7.5,8.7,-11.5,-310,250,35,42,0
2023,13,NC State,North Carolina,0,7.4,7.4,0.0,4,115,-135,39,20,1
2023,13,Nevada,Wyoming,0,-22,-3.6,-18.4,11,335,-450,6,42,0
2023,13,UCLA,California,0,9.7,-0.1,9.8,-10,-355,280,7,33,0
2023,13,San Diego State,Fresno State,0,-10.3,2.5,-12.8,6,175,-210,33,18,1
2023,13,Hawai'i,Colorado State,0,-16.4,-8.9,-7.5,6,180,-220,27,24,1
2023,14,Liberty,New Mexico State,0,8,-1.8,9.8,-10,-410,305,49,35,1
2023,14,Washington,Oregon,1,16.4,26.2,-9.8,9,270,-340,34,31,1
2023,14,Texas,Oklahoma State,1,23.2,6.7,16.5,-11.5,-625,430,49,21,1
2023,14,Toledo,Miami (OH),1,3.7,2.8,0.9,-7.5,-320,260,14,23,0
2023,14,UNLV,Boise State,0,1.4,5.9,-4.5,2.5,130,-150,20,44,0
2023,14,Troy,App State,0,9.8,3.8,6.0,-6.5,-240,200,49,23,1
2023,14,Tulane,SMU,0,2.8,10.1,-7.3,-3,-185,160,14,26,0
2023,14,Alabama,Georgia,1,23.1,31.2,-8.1,4.5,175,-210,27,24,1
2023,14,Iowa,Michigan,1,5.8,31.3,-25.5,23.5,1000,-2200,0,26,0
2023,14,Florida State,Louisville,1,19.4,8,11.4,-5,-165,140,16,6,1
2023,15,Army,Navy,1,-4,-13.7,9.7,-1.5,130,-150,17,11,1
2024,1,Georgia Tech,Florida State,1,1.9,-3.2,5.1,12,345,-470,24,21,1
2024,1,Nevada,SMU,0,-15.2,17.5,-32.7,25.5,1100,-3500,24,29,0
2024,1,Jacksonville State,Coastal Carolina,0,-1,-6.9,5.9,-3.5,-170,145,27,55,0
2024,1,Minnesota,North Carolina,0,10.4,5,5.4,-2.5,-135,115,17,19,0
2024,1,Michigan State,Florida Atlantic,0,-4.6,-12.7,8.1,-11.5,-480,350,16,10,1
2024,1,Oklahoma,Temple,0,9.5,-20.3,29.8,-42.5,,,51,3,1
2024,1,Wisconsin,Western Michigan,0,3,-10.2,13.2,-24,-3300,1100,28,14,1
2024,1,Stanford,TCU,0,-8.2,10.8,-19.0,8.5,250,-300,27,34,0
2024,1,West Virginia,Penn State,0,2.1,24.6,-22.5,10,290,-380,12,34,0
2024,1,Georgia,Clemson,1,24.3,13.3,11.0,-13.5,-600,425,34,3,1
2024,1,Pittsburgh,Kent State,0,4.9,-33,37.9,-24,-3300,1100,55,24,1
2024,1,Maryland,UConn,0,-3.9,1.5,-5.4,-20,-1500,775,50,7,1
2024,1,Vanderbilt,Virginia Tech,0,4.9,10,-5.1,13,390,-520,34,27,1
2024,1,Florida,Miami,0,13.8,21.6,-7.8,2.5,120,-142,17,41,0
2024,1,UTSA,Kennesaw State,0,2.2,-25.1,27.3,-24,-3600,1500,28,16,1
2024,1,Northwestern,Miami (OH),1,-8.2,1.3,-9.5,-4,-148,124,13,6,1
2024,1,Indiana,Florida International,0,20.1,-12.1,32.2,-19.5,-3200,1400,31,7,1
2024,1,Texas,Colorado State,0,24.1,-5.7,29.8,-35.5,-20000,3500,52,0,1
2024,1,Nebraska,UTEP,0,5.5,-22.7,28.2,-27.5,-3600,1500,40,7,1
2024,1,Ohio State,Akron,0,31.2,-17.9,49.1,-50.5,,,52,6,1
2024,1,Massachusetts,Eastern Michigan,0,-21.9,-13.3,-8.6,1,-130,110,14,28,0
2024,1,Syracuse,Ohio,0,5.5,2.3,3.2,-17,-850,575,38,22,1
2024,1,Georgia Southern,Boise State,0,-1.7,10.1,-11.8,12,320,-430,45,56,0
2024,1,South Carolina,Old Dominion,0,16.9,-6,22.9,-20.5,-1600,800,23,19,1
2024,1,South Alabama,North Texas,0,2.8,-4.5,7.3,-6,-210,175,38,52,0
2024,1,Alabama,Western Kentucky,0,25,-2.2,27.2,-31,-20000,3500,63,0,1
2024,1,Troy,Nevada,0,-6.6,-15.2,8.6,-15,-550,390,26,28,0
2024,1,Rice,Sam Houston,0,-11.4,-6.9,-4.5,-10.5,-390,295,14,34,0
2024,1,Houston,UNLV,0,-8.2,9.3,-17.5,-2,-130,110,7,27,0
2024,1,Texas A&M,Notre Dame,0,17,23.9,-6.9,-2.5,-145,125,13,23,0
2024,1,Michigan,Fresno State,0,10.6,-3.8,14.4,-21,-1800,1000,30,10,1
2024,1,Hawai'i,UCLA,0,-10.9,-1.3,-9.6,13.5,410,-550,13,16,0
2024,1,Kentucky,Southern Miss,0,5.5,-25.6,31.1,-25.5,-5000,1800,31,0,1
2024,1,Georgia Tech,Georgia State,0,1.9,-17.9,19.8,-20.5,-2100,1100,35,12,1
2024,1,Charlotte,James Madison,0,-15.3,7.5,-22.8,7.5,230,-280,7,30,0
2024,1,Arizona,New Mexico,0,-2.8,-14.8,12.0,-30.5,,,61,39,1
2024,1,Arizona State,Wyoming,0,9.4,-13.6,23.0,-6,-250,210,48,7,1
2024,1,LSU,USC,1,15.9,11.9,4.0,-6,-185,154,20,27,0
2024,1,Florida State,Boston College,0,-3.2,1.2,-4.4,-22,-900,600,13,28,0
2024,2,SMU,BYU,0,17.5,15.3,2.2,-10.5,-500,380,15,18,0
2024,2,Northwestern,Duke,1,-8.2,5.6,-13.8,-2.5,-130,110,20,26,0
2024,2,Rutgers,Akron,0,6.4,-17.9,24.3,-22.5,-3500,1500,49,17,1
2024,2,Penn State,Bowling Green,0,24.6,-1.8,26.4,-34.5,-20000,4000,34,27,1
2024,2,Tulane,Kansas State,0,5.7,14.1,-8.4,10,280,-350,27,34,0
2024,2,Florida Atlantic,Army,0,-12.7,9.2,-21.9,-4,-115,-105,7,24,0
2024,2,Syracuse,Georgia Tech,0,5.5,1.9,3.6,3,125,-145,31,28,1
2024,2,Cincinnati,Pittsburgh,0,-0.1,4.9,-5.0,-2,-125,105,27,28,0
2024,2,Oklahoma State,Arkansas,0,-2.6,11,-13.6,-7.5,-360,290,39,31,1
2024,2,Michigan,Texas,0,10.6,24.1,-13.5,3.5,200,-245,12,31,0
2024,2,Memphis,Troy,0,9.6,-6.6,16.2,-18.5,-1200,750,38,17,1
2024,2,Auburn,California,0,9.5,4,5.5,-13,-525,400,14,21,0
2024,2,Washington,Eastern Michigan,0,3.1,-13.3,16.4,-25,-3000,1300,30,9,1
2024,2,Louisville,Jacksonville State,0,13.6,-1,14.6,-28,-5000,2000,49,14,1
2024,2,Maryland,Michigan State,0,-3.9,-4.6,0.7,-8,-340,270,24,27,0
2024,2,North Carolina,Charlotte,0,5,-15.3,20.3,-22.5,-2000,1100,38,20,1
2024,2,Utah,Baylor,0,7.7,8.4,-0.7,-14,-800,550,23,12,1
2024,2,Iowa,Iowa State,0,15.8,10.3,5.5,-2.5,-142,120,19,20,0
2024,2,Kentucky,South Carolina,0,5.5,16.9,-11.4,-10,-340,270,6,31,0
2024,2,Navy,Temple,0,3.5,-20.3,23.8,-12.5,-525,400,38,11,1
2024,2,Toledo,Massachusetts,0,-2.5,-21.9,19.4,-20,-1000,700,38,23,1
2024,2,Notre Dame,Northern Illinois,0,23.9,-3.5,27.4,-28.5,-7500,2500,14,16,0
2024,2,Texas State,UTSA,0,5.4,2.2,3.2,-1,-130,110,49,10,1
2024,2,Ole Miss,Middle Tennessee,0,27.9,-24.4,52.3,-41,,,52,3,1
2024,2,Virginia Tech,Marshall,0,10,3.1,6.9,-20.5,-1600,900,31,14,1
2024,2,Florida International,Central Michigan,1,-12.1,-15.8,3.7,6.5,145,-170,52,16,1
2024,2,Old Dominion,East Carolina,0,-6,-1,-5,2.5,-125,105,14,20,0
2024,2,Ohio,South Alabama,0,2.3,2.8,-0.5,1.5,,-120,27,20,1
2024,2,UCF,Sam Houston,0,2.8,-6.9,9.7,-22,-1600,800,45,14,1
2024,2,Wake Forest,Virginia,0,-5.7,-5.1,-0.6,-1.5,-110,-110,30,31,0
2024,2,Missouri,Buffalo,0,14,-4,18,-34.5,-20000,4000,38,0,1
2024,2,Illinois,Kansas,0,9.6,4.9,4.7,5,170,-200,23,17,1
2024,2,UL Monroe,UAB,0,-16.7,-11.3,-5.4,13,320,-400,32,6,1
2024,2,Air Force,San José State,0,-11.7,-5.5,-6.2,-6.5,-135,115,7,17,0
2024,2,Nevada,Georgia Southern,0,-15.2,-1.7,-13.5,1,-110,-110,17,20,0
2024,2,Kennesaw State,Louisiana,0,-25.1,4.8,-29.9,15.5,475,-650,10,34,0
2024,2,Arkansas State,Tulsa,0,-9.9,-20.6,10.7,-7,-300,250,28,24,1
2024,2,Alabama,South Florida,0,25,-2.3,27.3,-31,-10000,3000,42,16,1
2024,2,NC State,Tennessee,1,3.9,22,-18.1,4.5,270,-340,10,51,0
2024,2,Nebraska,Colorado,0,5.5,8.1,-2.6,-7,-280,230,28,10,1
2024,2,Ohio State,Western Michigan,0,31.2,-10.2,41.4,-38.5,,,56,0,1
2024,2,Oklahoma,Houston,0,9.5,-8.2,17.7,-30,-4000,1800,16,12,1
2024,2,Clemson,App State,0,13.3,-8.1,21.4,-17.5,-800,550,66,20,1
2024,2,Oregon,Boise State,0,26,10.1,15.9,-19.5,-1200,750,37,34,1
2024,2,Washington State,Texas Tech,0,1.3,4.3,-3.0,-2,110,-130,37,16,1
2024,2,New Mexico State,Liberty,0,-19,0.2,-19.2,22.5,1100,-2000,24,30,0
2024,2,Arizona State,Mississippi State,0,9.4,-4.1,13.5,-6.5,-225,190,30,23,1
2024,2,San Diego State,Oregon State,0,-15.4,-6.7,-8.7,6,175,-210,0,21,0
2024,2,USC,Utah State,0,11.9,-10.4,22.3,-28.5,-7500,2500,48,0,1
2024,3,Texas State,Arizona State,0,5.4,9.4,-4.0,1.5,-145,125,28,31,0
2024,3,Kansas,UNLV,1,4.9,9.3,-4.4,-10.5,-345,275,20,23,0
2024,3,Kansas State,Arizona,0,14.1,-2.8,16.9,-7.5,-258,210,31,7,1
2024,3,Tulsa,Oklahoma State,0,-20.6,-2.6,-18.0,20,600,-900,10,45,0
2024,3,Michigan,Arkansas State,0,10.6,-9.9,20.5,-24,-1800,1000,28,18,1
2024,3,Illinois,Central Michigan,0,9.6,-15.8,25.4,-18,-1600,900,30,9,1
2024,3,Wisconsin,Alabama,0,3,25,-22,9,470,-650,10,42,0
2024,3,Texas Tech,North Texas,0,4.3,-4.5,8.8,-11.5,-360,290,66,21,1
2024,3,Florida State,Memphis,0,-3.2,9.6,-12.8,-5,-258,210,12,20,0
2024,3,Miami (OH),Cincinnati,0,1.3,-0.1,1.4,2,130,-150,16,27,0
2024,3,South Carolina,LSU,0,16.9,15.9,1.0,9.5,205,-250,33,36,0
2024,3,NC State,Louisiana Tech,0,3.9,-11.6,15.5,-22,-1200,750,30,20,1
2024,3,Missouri,Boston College,0,14,1.2,12.8,-16,-600,450,27,21,1
2024,3,Buffalo,Massachusetts,0,-4,-21.9,17.9,-5.5,-165,140,34,3,1
2024,3,Temple,Coastal Carolina,0,-20.3,-6.9,-13.4,17.5,550,-800,20,28,0
2024,3,Miami,Ball State,0,21.6,-19.8,41.4,-36.5,-7500,3000,62,0,1
2024,3,Washington,Washington State,1,3.1,1.3,1.8,-8,-225,185,19,24,0
2024,3,Oregon State,Oregon,0,-6.7,26,-32.7,20.5,750,-1200,14,49,0
2024,3,Purdue,Notre Dame,0,-16.2,23.9,-40.1,16,220,-270,7,66,0
2024,3,Pittsburgh,West Virginia,0,4.9,2.1,2.8,4.5,102,-122,38,34,1
2024,3,Oklahoma,Tulane,0,9.5,5.7,3.8,-14,-525,400,34,19,1
2024,3,Minnesota,Nevada,0,10.4,-15.2,25.6,-14.5,-800,550,27,0,1
2024,3,Florida,Texas A&M,0,13.8,17,-3.2,4,124,-148,20,33,0
2024,3,East Carolina,App State,0,-1,-8.1,7.1,2.5,-105,-115,19,21,0
2024,3,Iowa,Troy,0,15.8,-6.6,22.4,-22.5,-3000,1300,38,21,1
2024,3,Arkansas,UAB,0,11,-11.3,22.3,-21,-2000,1100,37,27,1
2024,3,Utah State,Utah,0,-10.4,7.7,-18.1,22,900,-1600,21,38,0
2024,3,Old Dominion,Virginia Tech,0,-6,10,-16,14,500,-700,17,37,0
2024,3,Duke,UConn,0,5.6,1.5,4.1,-16.5,-800,550,26,21,1
2024,3,Florida Atlantic,Florida International,0,-12.7,-12.1,-0.6,-6,-165,140,38,20,1
2024,3,Liberty,UTEP,0,0.2,-22.7,22.9,-22,-2500,1200,28,10,1
2024,3,Wake Forest,Ole Miss,0,-5.7,27.9,-33.6,23,900,-1600,6,40,0
2024,3,Southern Miss,South Florida,0,-25.6,-2.3,-23.3,12,360,-450,24,49,0
2024,3,Texas,UTSA,0,24.1,2.2,21.9,-33.5,-20000,4000,56,7,1
2024,3,San José State,Kennesaw State,0,-5.5,-25.1,19.6,-20,-1200,750,31,10,1
2024,3,Sam Houston,Hawai'i,0,-6.9,-10.9,4.0,-3,-170,145,31,13,1
2024,3,Eastern Michigan,Jacksonville State,0,-13.3,-1,-12.3,-1.5,105,-125,37,34,1
2024,3,Middle Tennessee,Western Kentucky,0,-24.4,-2.2,-22.2,7.5,225,-275,21,49,0
2024,3,Georgia State,Vanderbilt,0,-17.9,4.9,-22.8,10,280,-350,36,32,1
2024,3,Mississippi State,Toledo,0,-4.1,-2.5,-1.6,-9.5,-380,300,17,41,0
2024,3,UCLA,Indiana,0,-1.3,20.1,-21.4,2.5,160,-190,13,42,0
2024,3,Baylor,Air Force,0,8.4,-11.7,20.1,-15.5,-900,600,31,3,1
2024,3,Auburn,New Mexico,0,9.5,-14.8,24.3,-28,-2500,1200,45,19,1
2024,3,TCU,UCF,0,10.8,2.8,8.0,-3,-148,124,34,35,0
2024,3,Kentucky,Georgia,0,5.5,24.3,-18.8,18,1300,-2800,12,13,0
2024,3,Colorado State,Colorado,0,-5.7,8.1,-13.8,7.5,245,-305,9,28,0
2024,3,Tennessee,Kent State,0,22,-33,55,-48,,,71,0,1
2024,3,Houston,Rice,0,-8.2,-11.4,3.2,-5,-190,160,33,7,1
2024,3,Virginia,Maryland,0,-5.1,-3.9,-1.2,2.5,-145,125,13,27,0
2024,3,Wyoming,BYU,0,-13.6,15.3,-28.9,8.5,290,-360,14,34,0
2024,3,California,San Diego State,0,4,-15.4,19.4,-17.5,-900,600,31,10,1
2024,3,Fresno State,New Mexico State,0,-3.8,-19,15.2,-20,-1600,900,48,0,1
2024,4,App State,South Alabama,0,-8.1,2.8,-10.9,-8,-310,250,14,48,0
2024,4,Syracuse,Stanford,0,5.5,-8.2,13.7,-9.5,-350,280,24,26,0
2024,4,Nebraska,Illinois,0,5.5,9.6,-4.1,-8.5,-350,280,24,31,0
2024,4,Washington State,San José State,0,1.3,-5.5,6.8,-14,-525,400,54,52,1
2024,4,West Virginia,Kansas,0,2.1,4.9,-2.8,-2.5,-120,100,32,28,1
2024,4,North Carolina,James Madison,0,5,7.5,-2.5,-10.5,-415,310,50,70,0
2024,4,Louisiana,Tulane,0,4.8,5.7,-0.9,3.5,100,-120,33,41,0
2024,4,Indiana,Charlotte,0,20.1,-15.3,35.4,-28,-8000,1400,52,14,1
2024,4,Cincinnati,Houston,0,-0.1,-8.2,8.1,-5.5,-175,150,34,0,1
2024,4,Mississippi State,Florida,0,-4.1,13.8,-17.9,4.5,215,-260,28,45,0
2024,4,Clemson,NC State,0,13.3,3.9,9.4,-7.5,-800,550,59,35,1
2024,4,Ohio State,Marshall,0,31.2,3.1,28.1,-40,,,49,14,1
2024,4,Army,Rice,0,9.2,-11.4,20.6,-6,-285,235,37,14,1
2024,4,Kentucky,Ohio,0,5.5,2.3,3.2,-18.5,-1200,700,41,6,1
2024,4,Central Michigan,Ball State,0,-15.8,-19.8,4.0,-6.5,-245,205,37,34,1
2024,4,Temple,Utah State,0,-20.3,-10.4,-9.9,,195,-238,45,29,1
2024,4,Iowa State,Arkansas State,0,10.3,-9.9,20.2,,-1600,900,52,7,1
2024,4,Coastal Carolina,Virginia,0,-6.9,-5.1,-1.8,,145,-175,24,43,0
2024,4,Jacksonville State,Southern Miss,0,-1,-25.6,24.6,,-230,190,44,7,1
2024,4,LSU,UCLA,0,15.9,-1.3,17.2,,-1800,1000,34,17,1
2024,4,Auburn,Arkansas,0,9.5,11,-1.5,,-142,120,14,24,0
2024,4,Notre Dame,Miami (OH),0,23.9,1.3,22.6,,-4500,1700,28,3,1
2024,4,Northern Illinois,Buffalo,0,-3.5,-4,0.5,-15.5,-550,390,20,23,0
2024,4,Louisville,Georgia Tech,0,13.6,1.9,11.7,,-325,260,31,19,1
2024,4,Michigan,USC,0,10.6,11.9,-1.3,-9,154,-185,27,24,1
2024,4,Navy,Memphis,0,3.5,9.6,-6.1,,250,-310,56,44,1
2024,4,Texas Tech,Arizona State,0,4.3,9.4,-5.1,,-198,164,30,22,1
2024,4,Virginia Tech,Rutgers,0,10,6.4,3.6,-4.5,-150,130,23,26,0
2024,4,Penn State,Kent State,0,24.6,-33,57.6,-49,,,56,0,1
2024,4,Middle Tennessee,Duke,0,-24.4,5.6,-30.0,,455,-625,17,45,0
2024,4,Oklahoma State,Utah,0,-2.6,7.7,-10.3,1,-105,-115,19,22,0
2024,4,Missouri,Vanderbilt,0,14,4.9,9.1,,-950,625,30,27,1
2024,4,SMU,TCU,0,17.5,10.8,6.7,,-105,-115,66,42,1
2024,4,Colorado State,UTEP,0,-5.7,-22.7,17.0,,-305,245,27,17,1
2024,4,Liberty,East Carolina,0,0.2,-1,1.2,,-285,230,35,24,1
2024,4,South Florida,Miami,0,-2.3,21.6,-23.9,,600,-900,15,50,0
2024,4,Washington,Northwestern,0,3.1,-8.2,11.3,,-455,350,24,5,1
2024,4,Sam Houston,New Mexico State,0,-6.9,-19,12.1,,-750,500,31,11,1
2024,4,Western Kentucky,Toledo,0,-2.2,-2.5,0.3,,102,-122,26,21,1
2024,4,North Texas,Wyoming,0,-4.5,-13.6,9.1,,-250,205,44,17,1
2024,4,UConn,Florida Atlantic,0,1.5,-12.7,14.2,,-115,-105,48,14,1
2024,4,Louisiana Tech,Tulsa,0,-11.6,-20.6,9.0,,-135,114,20,23,0
2024,4,Florida State,California,0,-3.2,4,-7.2,,-142,120,14,9,1
2024,4,Texas A&M,Bowling Green,0,17,-1.8,18.8,,-1450,850,26,20,1
2024,4,Oklahoma,Tennessee,0,9.5,22,-12.5,-3,185,-225,15,25,0
2024,4,Minnesota,Iowa,0,10.4,15.8,-5.4,,120,-142,14,31,0
2024,4,South Carolina,Akron,0,16.9,-17.9,34.8,-27.5,-2400,1200,50,7,1
2024,4,Ole Miss,Georgia Southern,0,27.9,-1.7,29.6,-36,,,52,13,1
2024,4,Texas,UL Monroe,0,24.1,-16.7,40.8,-44.5,,,51,3,1
2024,4,Boston College,Michigan State,0,1.2,-4.6,5.8,-6,-200,170,23,19,1
2024,4,Colorado,Baylor,0,8.1,8.4,-0.3,,-135,114,38,31,1
2024,4,Oregon State,Purdue,0,-6.7,-16.2,9.5,,-118,-102,38,21,1
2024,4,New Mexico,Fresno State,0,-14.8,-3.8,-11.0,,370,-485,21,38,0
2024,4,BYU,Kansas State,0,15.3,14.1,1.2,,220,-270,38,9,1
2024,5,Temple,Army,0,-20.3,9.2,-29.5,10,350,-455,14,42,0
2024,5,Miami,Virginia Tech,0,21.6,10,11.6,-7.5,-900,600,38,34,1
2024,5,Rutgers,Washington,0,6.4,3.1,3.3,-2.5,-120,105,21,18,1
2024,5,Baylor,BYU,0,8.4,15.3,-6.9,-1,-155,130,28,34,0
2024,5,Kansas State,Oklahoma State,0,14.1,-2.6,16.7,-5.5,-230,190,42,20,1
2024,5,Boston College,Western Kentucky,0,1.2,-2.2,3.4,-11,-285,230,21,20,1
2024,5,NC State,Northern Illinois,0,3.9,-3.5,7.4,-10,-265,215,24,17,1
2024,5,Ole Miss,Kentucky,0,27.9,5.5,22.4,-16.5,-700,500,17,20,0
2024,5,Purdue,Nebraska,0,-16.2,5.5,-21.7,10,300,-380,10,28,0
2024,5,UAB,Navy,0,-11.3,3.5,-14.8,0,150,-180,18,41,0
2024,5,UConn,Buffalo,0,1.5,-4,5.5,-3,-218,180,47,3,1
2024,5,Tulane,South Florida,0,5.7,-2.3,8.0,-7.5,-180,150,45,10,1
2024,5,Indiana,Maryland,0,20.1,-3.9,24.0,-6.5,-290,235,42,28,1
2024,5,Michigan,Minnesota,0,10.6,10.4,0.2,-11,-410,320,27,24,1
2024,5,James Madison,Ball State,0,7.5,-19.8,27.3,-17,-1600,900,63,7,1
2024,5,Sam Houston,Texas State,1,-6.9,5.4,-12.3,7.5,320,-410,40,39,1
2024,5,USC,Wisconsin,0,11.9,3,8.9,-5.5,-575,425,38,21,1
2024,5,UNLV,Fresno State,0,9.3,-3.8,13.1,-3,-135,114,59,14,1
2024,5,Notre Dame,Louisville,0,23.9,13.6,10.3,-9.5,-245,200,31,24,1
2024,5,Miami (OH),Massachusetts,0,1.3,-21.9,23.2,-17.5,-750,525,23,20,1
2024,5,Kansas,TCU,1,4.9,10.8,-5.9,-1,-118,-102,27,38,0
2024,5,UCF,Colorado,0,2.8,8.1,-5.3,-11,-455,350,21,48,0
2024,5,Central Michigan,San Diego State,0,-15.8,-15.4,-0.4,-1,-130,110,22,21,1
2024,5,Ohio,Akron,0,2.3,-17.9,20.2,-14.5,-325,260,30,10,1
2024,5,Texas A&M,Arkansas,1,17,11,6,-10.5,-230,190,21,17,1
2024,5,Auburn,Oklahoma,0,9.5,9.5,0.0,2.5,-125,105,21,27,0
2024,5,Wake Forest,Louisiana,0,-5.7,4.8,-10.5,-3,-155,130,38,41,0
2024,5,Georgia State,Georgia Southern,0,-17.9,-1.7,-16.2,1,-155,130,21,38,0
2024,5,Kent State,Eastern Michigan,0,-33,-13.3,-19.7,12.5,425,-575,33,52,0
2024,5,Marshall,Western Michigan,0,3.1,-10.2,13.3,-6,-166,140,27,20,1
2024,5,Duke,North Carolina,0,5.6,5,0.6,3,-105,-115,21,20,1
2024,5,East Carolina,UTSA,0,-1,2.2,-3.2,-3,-130,110,30,20,1
2024,5,Texas,Mississippi State,0,24.1,-4.1,28.2,-35.5,,,35,13,1
2024,5,Bowling Green,Old Dominion,0,-1.8,-6,4.2,-8,-395,310,27,30,0
2024,5,Florida International,Louisiana Tech,1,-12.1,-11.6,-0.5,1,105,-125,17,10,1
2024,5,Rice,Charlotte,0,-11.4,-15.3,3.9,-10.5,-185,154,20,21,0
2024,5,North Texas,Tulsa,0,-4.5,-20.6,16.1,-7,-258,210,52,20,1
2024,5,Clemson,Stanford,0,13.3,-8.2,21.5,-22.5,-2800,1300,40,14,1
2024,5,Houston,Iowa State,0,-8.2,10.3,-18.5,11,525,-750,0,20,0
2024,5,Troy,UL Monroe,0,-6.6,-16.7,10.1,-10.5,-218,180,9,13,0
2024,5,Memphis,Middle Tennessee,0,9.6,-24.4,34.0,-23,-4000,1600,24,7,1
2024,5,Michigan State,Ohio State,0,-4.6,31.2,-35.8,25,1200,-2400,7,38,0
2024,5,Alabama,Georgia,0,25,24.3,0.7,4.5,105,-125,41,34,1
2024,5,Penn State,Illinois,0,24.6,9.6,15.0,-18,-1100,700,21,7,1
2024,5,LSU,South Alabama,0,15.9,2.8,13.1,-22,-1450,850,42,10,1
2024,5,Texas Tech,Cincinnati,0,4.3,-0.1,4.4,-5,-155,130,44,41,1
2024,5,SMU,Florida State,0,17.5,-3.2,20.7,-4.5,-205,170,42,16,1
2024,5,New Mexico State,New Mexico,0,-19,-14.8,-4.2,3,280,-355,40,50,0
2024,5,Wyoming,Air Force,0,-13.6,-11.7,-1.9,1.5,145,-175,31,19,1
2024,5,Boise State,Washington State,0,10.1,1.3,8.8,-6,-238,195,45,24,1
2024,5,Utah,Arizona,0,7.7,-2.8,10.5,-9.5,-285,230,10,23,0
2024,5,UCLA,Oregon,0,-1.3,26,-27.3,24,1100,-2100,13,34,0
2024,6,Troy,Texas State,0,-6.6,5.4,-12.0,13.5,455,-625,17,38,0
2024,6,UTEP,Sam Houston,0,-22.7,-6.9,-15.8,10.5,280,-355,21,41,0
2024,6,Kennesaw State,Jacksonville State,0,-25.1,-1,-24.1,15.5,575,-850,24,63,0
2024,6,TCU,Houston,0,10.8,-8.2,19.0,-17,-800,550,19,30,0
2024,6,UNLV,Syracuse,0,9.3,5.5,3.8,-4,-218,180,41,44,0
2024,6,Oregon,Michigan State,0,26,-4.6,30.6,-26.5,-2100,1100,31,10,1
2024,6,Penn State,UCLA,0,24.6,-1.3,25.9,-27.5,-9000,2500,27,11,1
2024,6,Northern Illinois,Massachusetts,0,-3.5,-21.9,18.4,-16.5,-575,425,34,20,1
2024,6,Virginia,Boston College,0,-5.1,1.2,-6.3,-2.5,-122,102,24,14,1
2024,6,Texas A&M,Missouri,0,17,14,3,-4,-142,120,41,10,1
2024,6,Wisconsin,Purdue,0,3,-16.2,19.2,-10,-485,370,52,6,1
2024,6,Tulsa,Army,0,-20.6,9.2,-29.8,8.5,410,-550,7,49,0
2024,6,NC State,Wake Forest,0,3.9,-5.7,9.6,-6,-185,154,30,34,0
2024,6,North Carolina,Pittsburgh,0,5,4.9,0.1,0,114,-135,24,34,0
2024,6,Louisville,SMU,0,13.6,17.5,-3.9,-11,-265,215,27,34,0
2024,6,Air Force,Navy,0,-11.7,3.5,-15.2,7,320,-410,7,34,0
2024,6,UAB,Tulane,0,-11.3,5.7,-17.0,13.5,750,-1200,20,71,0
2024,6,Ball State,Western Michigan,0,-19.8,-10.2,-9.6,7.5,285,-360,42,45,0
2024,6,Ohio State,Iowa,0,31.2,15.8,15.4,-24,-1200,750,35,7,1
2024,6,Northwestern,Indiana,1,-8.2,20.1,-28.3,10.5,400,-535,24,41,0
2024,6,South Carolina,Ole Miss,0,16.9,27.9,-11.0,11.5,285,-360,3,27,0
2024,6,Georgia,Auburn,0,24.3,9.5,14.8,-23.5,-1650,950,31,13,1
2024,6,Charlotte,East Carolina,0,-15.3,-1,-14.3,8.5,270,-340,55,24,1
2024,6,Stanford,Virginia Tech,0,-8.2,10,-18.2,6.5,275,-345,7,31,0
2024,6,Akron,Bowling Green,0,-17.9,-1.8,-16.1,14.5,525,-750,20,27,0
2024,6,Toledo,Miami (OH),0,-2.5,1.3,-3.8,-8,-192,160,30,20,1
2024,6,Marshall,App State,0,3.1,-8.1,11.2,-1,-155,130,52,37,1
2024,6,UConn,Temple,0,1.5,-20.3,21.8,-11,-800,550,29,20,1
2024,6,Oklahoma State,West Virginia,0,-2.6,2.1,-4.7,-8,-135,114,14,38,0
2024,6,Nebraska,Rutgers,0,5.5,6.4,-0.9,-7,-285,235,14,7,1
2024,6,Vanderbilt,Alabama,0,4.9,25,-20.1,24,1200,-2400,40,35,1
2024,6,Oregon State,Colorado State,0,-6.7,-5.7,-1.0,-14,-380,300,39,31,1
2024,6,Arkansas State,South Alabama,0,-9.9,2.8,-12.7,4.5,120,-142,18,16,1
2024,6,Boise State,Utah State,0,10.1,-10.4,20.5,-25,-6500,2000,62,30,1
2024,6,Florida State,Clemson,0,-3.2,13.3,-16.5,-4,525,-750,13,29,0
2024,6,Coastal Carolina,Old Dominion,0,-6.9,-6,-0.9,-4,-180,150,45,37,1
2024,6,UL Monroe,James Madison,0,-16.7,7.5,-24.2,13.5,525,-750,21,19,1
2024,6,Southern Miss,Louisiana,0,-25.6,4.8,-30.4,11.5,575,-850,13,23,0
2024,6,San José State,Nevada,0,-5.5,-15.2,9.7,-10,-285,230,35,31,1
2024,6,Iowa State,Baylor,0,10.3,8.4,1.9,-13,-500,380,43,21,1
2024,6,Arkansas,Tennessee,0,11,22,-11,10.5,410,-550,19,14,1
2024,6,Minnesota,USC,0,10.4,11.9,-1.5,9.5,240,-298,24,17,1
2024,6,Washington,Michigan,0,3.1,10.6,-7.5,8.5,-118,-102,27,17,1
2024,6,Florida,UCF,0,13.8,2.8,11.0,1,-108,-112,24,13,1
2024,6,San Diego State,Hawai'i,0,-15.4,-10.9,-4.5,-4,-115,-105,27,24,1
2024,6,Arizona State,Kansas,0,9.4,4.9,4.5,-1.5,-130,110,35,31,1
2024,6,Georgia Tech,Duke,0,1.9,5.6,-3.7,-8,-375,295,24,14,1
2024,6,California,Miami,0,4,21.6,-17.6,14,300,-380,38,39,0
2024,6,Arizona,Texas Tech,0,-2.8,4.3,-7.1,-5,-218,180,22,28,0
2024,7,Liberty,Florida International,0,0.2,-12.1,12.3,-19.5,-800,550,31,24,1
2024,7,Jacksonville State,New Mexico State,0,-1,-19,18,-20.5,-1600,900,54,13,1
2024,7,James Madison,Coastal Carolina,0,7.5,-6.9,14.4,-9.5,-265,215,39,7,1
2024,7,Western Kentucky,UTEP,0,-2.2,-22.7,20.5,-18.5,-1200,750,44,17,1
2024,7,Louisiana Tech,Middle Tennessee,0,-11.6,-24.4,12.8,-3.5,-218,180,48,21,1
2024,7,Maryland,Northwestern,0,-3.9,-8.2,4.3,-10,-425,330,10,37,0
2024,7,Utah State,UNLV,0,-10.4,9.3,-19.7,18.5,700,-1100,34,50,0
2024,7,Arizona State,Utah,0,9.4,7.7,1.7,5,180,-218,27,19,1
2024,7,Massachusetts,Missouri,0,-21.9,14,-35.9,28.5,1600,-4000,3,45,0
2024,7,North Carolina,Georgia Tech,0,5,1.9,3.1,4,142,-170,34,41,0
2024,7,Army,UAB,0,9.2,-11.3,20.5,-18.5,-4500,1700,44,10,1
2024,7,Buffalo,Toledo,0,-4,-2.5,-1.5,10,310,-395,30,15,1
2024,7,Alabama,South Carolina,0,25,16.9,8.1,-21.5,-1800,1000,27,25,1
2024,7,Kent State,Ball State,0,-33,-19.8,-13.2,7,124,-148,35,37,0
2024,7,Wake Forest,Clemson,0,-5.7,13.3,-19.0,20.5,950,-1650,14,49,0
2024,7,Rutgers,Wisconsin,0,6.4,3,3.4,-2.5,-130,110,7,42,0
2024,7,Iowa,Washington,0,15.8,3.1,12.7,-4,-142,120,40,16,1
2024,7,Eastern Michigan,Miami (OH),0,-13.3,1.3,-14.6,3.5,124,-148,14,38,0
2024,7,Western Michigan,Akron,0,-10.2,-17.9,7.7,-12.5,-325,260,34,24,1
2024,7,Bowling Green,Northern Illinois,0,-1.8,-3.5,1.7,-3,-155,130,7,17,0
2024,7,Georgia State,Old Dominion,0,-17.9,-6,-11.9,0,-135,114,14,21,0
2024,7,Oklahoma,Texas,1,9.5,24.1,-14.6,14,600,-900,3,34,0
2024,7,Notre Dame,Stanford,0,23.9,-8.2,32.1,-23,-2100,1100,49,7,1
2024,7,Wyoming,San Diego State,0,-13.6,-15.4,1.8,-1,-122,102,24,27,0
2024,7,Pittsburgh,California,0,4.9,4,0.9,-2.5,-166,140,17,15,1
2024,7,Illinois,Purdue,0,9.6,-16.2,25.8,-17.5,-1800,1000,50,49,1
2024,7,USC,Penn State,0,11.9,24.6,-12.7,5.5,155,-185,30,33,0
2024,7,Virginia,Louisville,0,-5.1,13.6,-18.7,8,225,-278,20,24,0
2024,7,UCF,Cincinnati,0,2.8,-0.1,2.9,-7.5,-125,105,13,19,0
2024,7,South Florida,Memphis,1,-2.3,9.6,-11.9,5,270,-340,3,21,0
2024,7,Colorado State,San José State,0,-5.7,-5.5,-0.2,1,-130,110,31,24,1
2024,7,BYU,Arizona,0,15.3,-2.8,18.1,1,-148,120,41,19,1
2024,7,Central Michigan,Ohio,0,-15.8,2.3,-18.1,3,120,-142,25,27,0
2024,7,Georgia,Mississippi State,0,24.3,-4.1,28.4,-34.5,-10000,3000,41,31,1
2024,7,UL Monroe,Southern Miss,0,-16.7,-25.6,8.9,-4.5,-185,154,38,21,1
2024,7,Rice,UTSA,0,-11.4,2.2,-13.6,3.5,150,-180,29,27,1
2024,7,New Mexico,Air Force,0,-14.8,-11.7,-3.1,-3.5,-265,215,52,37,1
2024,7,Fresno State,Washington State,0,-3.8,1.3,-5.1,2.5,140,-166,17,25,0
2024,7,Texas State,Arkansas State,0,5.4,-9.9,15.3,-11,-535,400,41,9,1
2024,7,Florida Atlantic,North Texas,0,-12.7,-4.5,-8.2,6,170,-205,37,41,0
2024,7,Tennessee,Florida,0,22,13.8,8.2,-15.5,-650,475,23,17,1
2024,7,Louisiana,App State,0,4.8,-8.1,12.9,-6,-355,280,34,24,1
2024,7,Nevada,Oregon State,0,-15.2,-6.7,-8.5,8.5,120,-142,42,37,1
2024,7,Oregon,Ohio State,0,26,31.2,-5.2,4,140,-165,32,31,1
2024,7,LSU,Ole Miss,0,15.9,27.9,-12.0,2.5,155,-185,29,26,1
2024,7,Kentucky,Vanderbilt,0,5.5,4.9,0.6,-10.5,-520,390,13,20,0
2024,7,West Virginia,Iowa State,0,2.1,10.3,-8.2,3.5,130,-155,16,28,0
2024,7,NC State,Syracuse,0,3.9,5.5,-1.6,3.5,-110,-110,17,24,0
2024,7,Georgia Southern,Marshall,0,-1.7,3.1,-4.8,1,-112,-108,24,23,1
2024,7,UCLA,Minnesota,0,-1.3,10.4,-11.7,4.5,140,-166,17,21,0
2024,7,Colorado,Kansas State,0,8.1,14.1,-6.0,6,135,-155,28,31,0
2024,7,Hawai'i,Boise State,0,-10.9,10.1,-21.0,21,950,-1650,7,28,0
2024,8,South Alabama,Troy,0,2.8,-6.6,9.4,-13.5,-395,310,25,9,1
2024,8,Middle Tennessee,Kennesaw State,0,-24.4,-25.1,0.7,-10,-325,260,14,5,1
2024,8,New Mexico State,Louisiana Tech,0,-19,-11.6,-7.4,11.5,360,-470,33,30,1
2024,8,Sam Houston,Western Kentucky,0,-6.9,-2.2,-4.7,1,-118,-102,14,31,0
2024,8,UTEP,Florida International,0,-22.7,-12.1,-10.6,3.5,200,-245,30,21,1
2024,8,Marshall,Georgia State,0,3.1,-17.9,21.0,-7,-325,260,35,20,1
2024,8,Virginia Tech,Boston College,0,10,1.2,8.8,-7,-325,260,42,21,1
2024,8,Duke,Florida State,0,5.6,-3.2,8.8,-3,-142,120,23,16,1
2024,8,Purdue,Oregon,0,-16.2,26,-42.2,29.5,1800,-5000,0,35,0
2024,8,BYU,Oklahoma State,0,15.3,-2.6,17.9,-7.5,-325,260,38,35,1
2024,8,Nevada,Fresno State,0,-15.2,-3.8,-11.4,4,120,-142,21,24,0
2024,8,Missouri,Auburn,0,14,9.5,4.5,-9.5,-162,136,21,17,1
2024,8,Rutgers,UCLA,0,6.4,-1.3,7.7,-6.5,-240,200,32,35,0
2024,8,Army,East Carolina,0,9.2,-1,10.2,-13.5,-900,600,45,28,1
2024,8,Northwestern,Wisconsin,1,-8.2,3,-11.2,7,295,-375,3,23,0
2024,8,Indiana,Nebraska,0,20.1,5.5,14.6,-3.5,-230,190,56,7,1
2024,8,UConn,Wake Forest,0,1.5,-5.7,7.2,3.5,110,-130,20,23,0
2024,8,Clemson,Virginia,0,13.3,-5.1,18.4,-21,-1350,800,48,31,1
2024,8,Cincinnati,Arizona State,0,-0.1,9.4,-9.5,-3,-205,170,24,14,1
2024,8,Louisville,Miami,0,13.6,21.6,-8.0,-1,154,-185,45,52,0
2024,8,Coastal Carolina,Louisiana,0,-6.9,4.8,-11.7,3,190,-230,24,34,0
2024,8,Oklahoma,South Carolina,0,9.5,16.9,-7.4,-7.5,-105,-115,9,35,0
2024,8,Eastern Michigan,Central Michigan,0,-13.3,-15.8,2.5,-1.5,-148,124,38,34,1
2024,8,Temple,Tulsa,0,-20.3,-20.6,0.3,0,-155,130,20,10,1
2024,8,Old Dominion,Texas State,0,-6,5.4,-11.4,7.5,300,-380,24,14,1
2024,8,Buffalo,Western Michigan,0,-4,-10.2,6.2,1,-105,-115,41,48,0
2024,8,Northern Illinois,Toledo,0,-3.5,-2.5,-1.0,-1,-155,130,6,13,0
2024,8,South Florida,UAB,0,-2.3,-11.3,9.0,-16,-550,410,35,25,1
2024,8,Illinois,Michigan,0,9.6,10.6,-1.0,2,180,-218,21,7,1
2024,8,Georgia Tech,Notre Dame,1,1.9,23.9,-22.0,8.5,440,-600,13,31,0
2024,8,Tulane,Rice,0,5.7,-11.4,17.1,-23.5,-1800,1000,24,10,1
2024,8,Tennessee,Alabama,0,22,25,-3,2.5,136,-162,24,17,1
2024,8,Kansas,Houston,1,4.9,-8.2,13.1,-8.5,-192,160,42,14,1
2024,8,Bowling Green,Kent State,0,-1.8,-33,31.2,-24.5,-2400,1200,27,6,1
2024,8,California,NC State,0,4,3.9,0.1,-9.5,-355,280,23,24,0
2024,8,Miami (OH),Ohio,0,1.3,2.3,-1.0,-4,-166,140,30,20,1
2024,8,Navy,Charlotte,0,3.5,-15.3,18.8,-16.5,-700,500,51,17,1
2024,8,Washington State,Hawai'i,0,1.3,-10.9,12.2,-19.5,-1100,700,42,10,1
2024,8,UTSA,Florida Atlantic,0,2.2,-12.7,14.9,-6,-180,150,38,24,1
2024,8,Texas Tech,Baylor,0,4.3,8.4,-4.1,-7.5,-185,154,35,59,0
2024,8,Utah State,New Mexico,0,-10.4,-14.8,4.4,2.5,-108,-112,45,50,0
2024,8,Georgia Southern,James Madison,0,-1.7,7.5,-9.2,6.5,275,-345,28,14,1
2024,8,Arizona,Colorado,0,-2.8,8.1,-10.9,-4,-135,114,7,34,0
2024,8,Maryland,USC,0,-3.9,11.9,-15.8,6.5,195,-238,29,28,1
2024,8,San José State,Wyoming,0,-5.5,-13.6,8.1,-11,-455,350,24,14,1
2024,8,Mississippi State,Texas A&M,0,-4.1,17,-21.1,15,750,-1200,24,34,0
2024,8,Southern Miss,Arkansas State,0,-25.6,-9.9,-15.7,7,205,-250,28,44,0
2024,8,Arkansas,LSU,0,11,15.9,-4.9,9.5,124,-148,10,34,0
2024,8,Vanderbilt,Ball State,0,4.9,-19.8,24.7,-24.5,-4500,1700,24,14,1
2024,8,Memphis,North Texas,0,9.6,-4.5,14.1,-12.5,-395,310,52,44,1
2024,8,Michigan State,Iowa,0,-4.6,15.8,-20.4,6,225,-278,32,20,1
2024,8,West Virginia,Kansas State,0,2.1,14.1,-12.0,2.5,120,-142,18,45,0
2024,8,Texas,Georgia,0,24.1,24.3,-0.2,2,-180,150,15,30,0
2024,8,Iowa State,UCF,0,10.3,2.8,7.5,-10,-575,425,38,35,1
2024,8,Florida,Kentucky,0,13.8,5.5,8.3,1,110,-130,48,20,1
2024,8,Stanford,SMU,0,-8.2,17.5,-25.7,14,525,-750,10,40,0
2024,8,Air Force,Colorado State,0,-11.7,-5.7,-6.0,8,195,-238,13,21,0
2024,8,Oregon State,UNLV,0,-6.7,9.3,-16.0,4,195,-238,25,33,0
2024,8,Utah,TCU,0,7.7,10.8,-3.1,-7.5,-155,130,7,13,0
2024,9,Florida International,Sam Houston,1,-12.1,-6.9,-5.2,7,180,-220,7,10,0
2024,9,Louisiana Tech,UTEP,0,-11.6,-22.7,11.1,-7.5,-280,230,14,10,1
2024,9,Kennesaw State,Liberty,0,-25.1,0.2,-25.3,23.5,1000,-2500,27,24,1
2024,9,Jacksonville State,Middle Tennessee,0,-1,-24.4,23.4,-21,-1600,800,42,20,1
2024,9,Old Dominion,Georgia Southern,0,-6,-1.7,-4.3,-2,-125,105,47,19,1
2024,9,Pittsburgh,Syracuse,0,4.9,5.5,-0.6,-5,-220,180,41,13,1
2024,9,Boston College,Louisville,0,1.2,13.6,-12.4,7.5,220,-270,27,31,0
2024,9,UNLV,Boise State,0,9.3,10.1,-0.8,3,125,-145,24,29,0
2024,9,USC,Rutgers,0,11.9,6.4,5.5,-14.5,-650,450,42,20,1
2024,9,Ohio,Buffalo,0,2.3,-4,6.3,-6,-235,195,47,16,1
2024,9,Navy,Notre Dame,1,3.5,23.9,-20.4,12.5,355,-490,14,51,0
2024,9,Ohio State,Nebraska,0,31.2,5.5,25.7,-25.5,-3200,1400,21,17,1
2024,9,Memphis,Charlotte,0,9.6,-15.3,24.9,-18,-1200,700,33,28,1
2024,9,Virginia Tech,Georgia Tech,0,10,1.9,8.1,-9.5,-370,285,21,6,1
2024,9,Ole Miss,Oklahoma,0,27.9,9.5,18.4,-6,-1200,750,26,14,1
2024,9,Indiana,Washington,0,20.1,3.1,17.0,-7,-250,210,31,17,1
2024,9,North Texas,Tulane,0,-4.5,5.7,-10.2,7.5,250,-300,37,45,0
2024,9,Virginia,North Carolina,0,-5.1,5,-10.1,-5.5,-210,175,14,41,0
2024,9,Mississippi State,Arkansas,0,-4.1,11,-15.1,7,230,-280,25,58,0
2024,9,App State,Georgia State,0,-8.1,-17.9,9.8,-8,-310,255,33,26,1
2024,9,East Carolina,Temple,0,-1,-20.3,19.3,-7,-300,250,56,34,1
2024,9,Miami (OH),Central Michigan,0,1.3,-15.8,17.1,-12,-500,360,46,7,1
2024,9,UConn,Rice,0,1.5,-11.4,12.9,-6,-240,200,17,10,1
2024,9,Western Michigan,Kent State,0,-10.2,-33,22.8,-17,-900,575,52,21,1
2024,9,Toledo,Bowling Green,0,-2.5,-1.8,-0.7,-3,-130,110,26,41,0
2024,9,Ball State,Northern Illinois,0,-19.8,-3.5,-16.3,12,360,-500,25,23,1
2024,9,Akron,Eastern Michigan,0,-17.9,-13.3,-4.6,3,145,-170,25,21,1
2024,9,James Madison,Southern Miss,0,7.5,-25.6,33.1,-24,-3300,1100,32,15,1
2024,9,Iowa,Northwestern,0,15.8,-8.2,24.0,-14,-585,410,40,14,1
2024,9,Alabama,Missouri,0,25,14,11,-8.5,-700,490,34,0,1
2024,9,Tulsa,UTSA,0,-20.6,2.2,-22.8,8,280,-360,46,45,1
2024,9,Minnesota,Maryland,0,10.4,-3.9,14.3,-4.5,-185,160,48,23,1
2024,9,TCU,Texas Tech,0,10.8,4.3,6.5,-6,-230,190,35,34,1
2024,9,Baylor,Oklahoma State,0,8.4,-2.6,11.0,-4.5,-200,170,38,28,1
2024,9,Oregon,Illinois,0,26,9.6,16.4,-21,-1800,850,38,9,1
2024,9,Stanford,Wake Forest,0,-8.2,-5.7,-2.5,3,125,-145,24,27,0
2024,9,UCF,BYU,0,2.8,15.3,-12.5,-1,105,-125,24,37,0
2024,9,California,Oregon State,0,4,-6.7,10.7,-10.5,-400,300,44,7,1
2024,9,Vanderbilt,Texas,0,4.9,24.1,-19.2,17.5,600,-950,24,27,0
2024,9,Colorado State,New Mexico,0,-5.7,-14.8,9.1,-6,-230,190,17,6,1
2024,9,South Alabama,UL Monroe,0,2.8,-16.7,19.5,-7.5,-310,255,46,17,1
2024,9,Houston,Utah,0,-8.2,7.7,-15.9,3.5,145,-170,17,14,1
2024,9,Arizona,West Virginia,0,-2.8,2.1,-4.9,-3,-145,125,26,31,0
2024,9,Wyoming,Utah State,0,-13.6,-10.4,-3.2,-2.5,-130,110,25,27,0
2024,9,Arkansas State,Troy,0,-9.9,-6.6,-3.3,-7.5,-275,225,34,31,1
2024,9,Miami,Florida State,0,21.6,-3.2,24.8,1,-1800,1000,36,14,1
2024,9,Michigan,Michigan State,0,10.6,-4.6,15.2,-22,-155,130,24,17,1
2024,9,Wisconsin,Penn State,0,3,24.6,-21.6,6.5,195,-238,13,28,0
2024,9,Texas A&M,LSU,0,17,15.9,1.1,-2,-122,102,38,23,1
2024,9,Kentucky,Auburn,0,5.5,9.5,-4.0,-2,-135,115,10,24,0
2024,9,Fresno State,San José State,0,-3.8,-5.5,1.7,-6,-200,170,33,10,1
2024,9,Duke,SMU,0,5.6,17.5,-11.9,12.5,340,-460,27,28,0
2024,9,Kansas State,Kansas,0,14.1,4.9,9.2,-7,-360,285,29,27,1
2024,9,Colorado,Cincinnati,0,8.1,-0.1,8.2,-5,-200,170,34,23,1
2024,9,San Diego State,Washington State,0,-15.4,1.3,-16.7,14.5,430,-625,26,29,0
2024,9,Hawai'i,Nevada,0,-10.9,-15.2,4.3,2.5,110,-130,34,13,1
2024,10,Florida International,New Mexico State,1,-12.1,-19,6.9,-10,-278,230,34,13,1
2024,10,Texas State,Louisiana,0,5.4,4.8,0.6,-4,-185,154,17,23,0
2024,10,Sam Houston,Louisiana Tech,0,-6.9,-11.6,4.7,-9.5,-425,330,9,3,1
2024,10,Liberty,Jacksonville State,0,0.2,-1,1.2,1,-135,114,21,31,0
2024,10,Western Kentucky,Kennesaw State,0,-2.2,-25.1,22.9,-24.5,-2100,1100,31,14,1
2024,10,Charlotte,Tulane,0,-15.3,5.7,-21.0,15.5,470,-650,3,34,0
2024,10,UConn,Georgia State,0,1.5,-17.9,19.4,-5.5,-270,220,34,27,1
2024,10,Florida Atlantic,South Florida,0,-12.7,-2.3,-10.4,2.5,100,-120,21,44,0
2024,10,Boise State,San Diego State,0,10.1,-15.4,25.5,-22.5,-3200,1400,56,24,1
2024,10,NC State,Stanford,0,3.9,-8.2,12.1,-10.5,-375,295,59,28,1
2024,10,Army,Air Force,0,9.2,-11.7,20.9,-23,-1100,700,20,3,1
2024,10,Akron,Buffalo,0,-17.9,-4,-13.9,2.5,-110,-110,30,41,0
2024,10,Arkansas,Ole Miss,0,11,27.9,-16.9,9.5,260,-325,31,63,0
2024,10,Eastern Michigan,Toledo,0,-13.3,-2.5,-10.8,6,285,-360,28,29,0
2024,10,Illinois,Minnesota,0,9.6,10.4,-0.8,-2.5,120,-142,17,25,0
2024,10,Purdue,Northwestern,0,-16.2,-8.2,-8.0,1.5,-142,120,20,26,0
2024,10,Penn State,Ohio State,0,24.6,31.2,-6.6,4,136,-162,13,20,0
2024,10,Syracuse,Virginia Tech,0,5.5,10,-4.5,1,150,-180,38,31,1
2024,10,Miami,Duke,0,21.6,5.6,16.0,-19.5,-1650,950,53,31,1
2024,10,UTSA,Memphis,0,2.2,9.6,-7.4,10,210,-258,44,36,1
2024,10,Auburn,Vanderbilt,0,9.5,4.9,4.6,-5,-278,225,7,17,0
2024,10,UAB,Tulsa,0,-11.3,-20.6,9.3,-1,-142,120,59,21,1
2024,10,App State,Old Dominion,0,-8.1,-6,-2.1,-2.5,120,-142,28,20,1
2024,10,Oklahoma State,Arizona State,0,-2.6,9.4,-12.0,-1.5,164,-198,21,42,0
2024,10,Iowa State,Texas Tech,0,10.3,4.3,6.0,-11,-520,390,22,23,0
2024,10,Houston,Kansas State,0,-8.2,14.1,-22.3,13.5,370,-560,24,19,1
2024,10,Nebraska,UCLA,0,5.5,-1.3,6.8,-8.5,-305,245,20,27,0
2024,10,Florida State,North Carolina,0,-3.2,5,-8.2,2.5,120,-142,11,35,0
2024,10,Georgia,Florida,1,24.3,13.8,10.5,-21,-700,500,34,20,1
2024,10,Marshall,UL Monroe,0,3.1,-16.7,19.8,-10.5,-395,310,28,23,1
2024,10,Michigan,Oregon,0,10.6,26,-15.4,3,500,-810,17,38,0
2024,10,Michigan State,Indiana,0,-4.6,20.1,-24.7,7,245,-305,10,47,0
2024,10,UTEP,Middle Tennessee,0,-22.7,-24.4,1.7,-2.5,-122,102,13,20,0
2024,10,UCF,Arizona,0,2.8,-2.8,5.6,-4,-225,185,56,12,1
2024,10,Troy,Coastal Carolina,0,-6.6,-6.9,0.3,5,150,-180,38,24,1
2024,10,Rice,Navy,0,-11.4,3.5,-14.9,14.5,350,-455,24,10,1
2024,10,New Mexico,Wyoming,0,-14.8,-13.6,-1.2,-6.5,-285,230,45,49,0
2024,10,Mississippi State,Massachusetts,0,-4.1,-21.9,17.8,-22.5,-1200,750,45,20,1
2024,10,Fresno State,Hawai'i,0,-3.8,-10.9,7.1,-13,-455,350,20,21,0
2024,10,Washington,USC,0,3.1,11.9,-8.8,3,105,-125,26,21,1
2024,10,Clemson,Louisville,0,13.3,13.6,-0.3,-8,-410,320,21,33,0
2024,10,South Alabama,Georgia Southern,0,2.8,-1.7,4.5,-5.5,-192,160,30,34,0
2024,10,Iowa,Wisconsin,0,15.8,3,12.8,-3,-135,114,42,10,1
2024,10,South Carolina,Texas A&M,0,16.9,17,-0.1,4,130,-155,44,20,1
2024,10,Tennessee,Kentucky,0,22,5.5,16.5,-13,-950,625,28,18,1
2024,10,Baylor,TCU,0,8.4,10.8,-2.4,-2.5,-135,114,37,34,1
2024,10,Nevada,Colorado State,0,-15.2,-5.7,-9.5,1,110,-130,21,38,0
2024,10,SMU,Pittsburgh,0,17.5,4.9,12.6,-6.5,-278,225,48,25,1
2024,11,Central Michigan,Bowling Green,0,-15.8,-1.8,-14.0,12.5,450,-700,13,23,0
2024,11,Ball State,Miami (OH),0,-19.8,1.3,-21.1,12.5,360,-500,21,27,0
2024,11,Kent State,Ohio,0,-33,2.3,-35.3,18.5,750,-1400,0,41,0
2024,11,Western Michigan,Northern Illinois,0,-10.2,-3.5,-6.7,1.5,110,-130,28,42,0
2024,11,East Carolina,Florida Atlantic,0,-1,-12.7,11.7,-7.5,-290,240,49,14,1
2024,11,Coastal Carolina,App State,0,-6.9,-8.1,1.2,-1.5,110,-130,38,24,1
2024,11,Wake Forest,California,0,-5.7,4,-9.7,7.5,225,-275,36,46,0
2024,11,Memphis,Rice,0,9.6,-11.4,21.0,-9,-290,240,27,20,1
2024,11,UCLA,Iowa,0,-1.3,15.8,-17.1,7,200,-240,20,17,1
2024,11,San Diego State,New Mexico,0,-15.4,-14.8,-0.6,-3,-120,105,16,21,0
2024,11,Boston College,Syracuse,0,1.2,5.5,-4.3,-1.5,-145,125,37,31,1
2024,11,Cincinnati,West Virginia,0,-0.1,2.1,-2.2,-4,-215,180,24,31,0
2024,11,South Florida,Navy,0,-2.3,3.5,-5.8,3,155,-185,7,28,0
2024,11,UL Monroe,Texas State,0,-16.7,5.4,-22.1,7,240,-290,17,38,0
2024,11,Georgia Tech,Miami,0,1.9,21.6,-19.7,11,280,-360,28,23,1
2024,11,Texas,Florida,0,24.1,13.8,10.3,-21.5,-2500,1100,49,17,1
2024,11,Rutgers,Minnesota,0,6.4,10.4,-4.0,6,185,-225,26,19,1
2024,11,Ohio State,Purdue,0,31.2,-16.2,47.4,-38.5,,,45,0,1
2024,11,Middle Tennessee,Liberty,0,-24.4,0.2,-24.6,10.5,360,-500,17,37,0
2024,11,UAB,UConn,0,-11.3,1.5,-12.8,6,190,-230,23,31,0
2024,11,Southern Miss,Marshall,0,-25.6,3.1,-28.7,13.5,400,-575,3,37,0
2024,11,Kansas,Iowa State,1,4.9,10.3,-5.4,3,110,-130,45,36,1
2024,11,Virginia Tech,Clemson,0,10,13.3,-3.3,6.5,175,-210,14,24,0
2024,11,James Madison,Georgia State,0,7.5,-17.9,25.4,-16.5,-850,550,38,7,1
2024,11,North Texas,Army,0,-4.5,9.2,-13.7,5.5,180,-220,3,14,0
2024,11,Indiana,Michigan,0,20.1,10.6,9.5,-14,-650,450,20,15,1
2024,11,NC State,Duke,0,3.9,5.6,-1.7,-3,-150,130,19,29,0
2024,11,Oregon State,San José State,0,-6.7,-5.5,-1.2,-3.5,-170,145,13,24,0
2024,11,Ole Miss,Georgia,0,27.9,24.3,3.6,2.5,105,-125,28,10,1
2024,11,UTEP,Kennesaw State,0,-22.7,-25.1,2.4,-3.5,-175,150,43,35,1
2024,11,Texas Tech,Colorado,0,4.3,8.1,-3.8,3,130,-150,27,41,0
2024,11,Tulane,Temple,0,5.7,-20.3,26.0,-26.5,-5000,1300,52,6,1
2024,11,Vanderbilt,South Carolina,0,4.9,16.9,-12.0,3.5,155,-180,7,28,0
2024,11,Louisiana Tech,Jacksonville State,0,-11.6,-1,-10.6,10,305,-410,37,44,0
2024,11,Louisiana,Arkansas State,0,4.8,-9.9,14.7,-14.5,-700,475,55,19,1
2024,11,New Mexico State,Western Kentucky,0,-19,-2.2,-16.8,17.5,600,-950,28,41,0
2024,11,Oregon,Maryland,0,26,-3.9,29.9,-25,-3500,1100,39,18,1
2024,11,TCU,Oklahoma State,0,10.8,-2.6,13.4,-12,-500,360,38,13,1
2024,11,Tennessee,Mississippi State,0,22,-4.1,26.1,-24,-2800,1100,33,14,1
2024,11,Arizona State,UCF,0,9.4,2.8,6.6,-4,-140,120,35,31,1
2024,11,Notre Dame,Florida State,0,23.9,-3.2,27.1,-26,-5000,1500,52,3,1
2024,11,LSU,Alabama,0,15.9,25,-9.1,2.5,120,-140,13,42,0
2024,11,Missouri,Oklahoma,0,14,9.5,4.5,-2.5,140,-165,30,23,1
2024,11,Penn State,Washington,0,24.6,3.1,21.5,-13.5,-575,400,35,6,1
2024,11,Boise State,Nevada,0,10.1,-15.2,25.3,-25,-4000,1300,28,21,1
2024,11,Pittsburgh,Virginia,0,4.9,-5.1,10.0,-7,-275,225,19,24,0
2024,11,Hawai'i,UNLV,0,-10.9,9.3,-20.2,13.5,390,-550,27,29,0
2024,11,Air Force,Fresno State,0,-11.7,-3.8,-7.9,10.5,320,-430,36,28,1
2024,11,Utah,BYU,0,7.7,15.3,-7.6,4.5,145,-170,21,22,0
2024,11,Washington State,Utah State,0,1.3,-10.4,11.7,-20.5,-1500,775,49,28,1
2024,12,Bowling Green,Western Michigan,0,-1.8,-10.2,8.4,-7,-345,275,31,13,1
2024,12,Buffalo,Ball State,0,-4,-19.8,15.8,-5,-162,136,51,48,1
2024,12,Toledo,Central Michigan,0,-2.5,-15.8,13.3,-14,-625,455,37,10,1
2024,12,Ohio,Eastern Michigan,0,2.3,-13.3,15.6,-9,-410,320,35,10,1
2024,12,Northern Illinois,Akron,0,-3.5,-17.9,14.4,-18,-600,440,29,16,1
2024,12,Miami (OH),Kent State,0,1.3,-33,34.3,-30.5,-20000,3500,34,7,1
2024,12,Tulsa,East Carolina,0,-20.6,-1,-19.6,11,550,-800,31,38,0
2024,12,Colorado State,Wyoming,0,-5.7,-13.6,7.9,-10.5,-325,260,24,10,1
2024,12,UTSA,North Texas,0,2.2,-4.5,6.7,2,-118,-102,48,27,1
2024,12,Washington,UCLA,0,3.1,-1.3,4.4,-8,-185,154,31,19,1
2024,12,Arizona,Houston,0,-2.8,-8.2,5.4,-2,-115,-105,27,3,1
2024,12,Massachusetts,Liberty,0,-21.9,0.2,-22.1,12.5,575,-850,34,35,0
2024,12,Pittsburgh,Clemson,0,4.9,13.3,-8.4,9.5,360,-470,20,24,0
2024,12,Arkansas,Texas,0,11,24.1,-13.1,16.5,455,-625,10,20,0
2024,12,Northwestern,Ohio State,1,-8.2,31.2,-39.4,30.5,2500,-9000,7,31,0
2024,12,Colorado,Utah,0,8.1,7.7,0.4,-10,-410,305,49,24,1
2024,12,Western Kentucky,Louisiana Tech,0,-2.2,-11.6,9.4,-14.5,-440,340,7,12,0
2024,12,Navy,Tulane,0,3.5,5.7,-2.2,6,230,-285,0,35,0
2024,12,Auburn,UL Monroe,0,9.5,-16.7,26.2,-25.5,-3200,1400,48,14,1
2024,12,Marshall,Coastal Carolina,0,3.1,-6.9,10.0,-8.5,-298,240,31,19,1
2024,12,Jacksonville State,Florida International,0,-1,-12.1,11.1,-13.5,-455,350,34,31,1
2024,12,Temple,Florida Atlantic,0,-20.3,-12.7,-7.6,0,-130,110,18,15,1
2024,12,Illinois,Michigan State,0,9.6,-4.6,14.2,-3.5,-122,102,38,16,1
2024,12,California,Syracuse,0,4,5.5,-1.5,-7,-360,285,25,33,0
2024,12,Utah State,Hawai'i,0,-10.4,-10.9,0.5,3,110,-130,55,10,1
2024,12,Kennesaw State,Sam Houston,0,-25.1,-6.9,-18.2,13.5,850,-1450,17,23,0
2024,12,Stanford,Louisville,0,-8.2,13.6,-21.8,20,900,-1600,38,35,1
2024,12,SMU,Boston College,0,17.5,1.2,16.3,-15.5,-1050,675,38,28,1
2024,12,Air Force,Oregon State,0,-11.7,-6.7,-5.0,7,120,-142,28,0,1
2024,12,Charlotte,South Florida,0,-15.3,-2.3,-13.0,2.5,-120,100,24,59,0
2024,12,Notre Dame,Virginia,0,23.9,-5.1,29.0,-20,-1800,1000,35,14,1
2024,12,Purdue,Penn State,0,-16.2,24.6,-40.8,28,3000,-10000,10,49,0
2024,12,Florida,LSU,0,13.8,15.9,-2.1,5.5,130,-155,27,16,1
2024,12,West Virginia,Baylor,0,2.1,8.4,-6.3,-1.5,110,-130,35,49,0
2024,12,USC,Nebraska,0,11.9,5.5,6.4,-9,-250,205,28,20,1
2024,12,Georgia Southern,Troy,0,-1.7,-6.6,4.9,-8.5,-278,230,20,28,0
2024,12,Old Dominion,James Madison,0,-6,7.5,-13.5,4.5,100,-120,32,35,0
2024,12,South Carolina,Missouri,0,16.9,14,2.9,-13,-410,320,34,30,1
2024,12,Georgia State,Arkansas State,0,-17.9,-9.9,-8.0,0,-135,114,20,27,0
2024,12,Maryland,Rutgers,0,-3.9,6.4,-10.3,-4,-185,160,17,31,0
2024,12,Texas State,Southern Miss,0,5.4,-25.6,31.0,-25.5,-4000,1600,58,3,1
2024,12,Louisiana,South Alabama,0,4.8,2.8,2.0,-8.5,-230,190,22,24,0
2024,12,San José State,Boise State,0,-5.5,10.1,-15.6,14,455,-625,21,42,0
2024,12,Kansas State,Arizona State,0,14.1,9.4,4.7,-7,-278,225,14,24,0
2024,12,Georgia,Tennessee,0,24.3,22,2.3,-16.5,-305,245,31,17,1
2024,12,Wisconsin,Oregon,0,3,26,-23,11,400,-535,13,16,0
2024,12,Texas A&M,New Mexico State,0,17,-19,36,-42,,,38,3,1
2024,12,Memphis,UAB,0,9.6,-11.3,20.9,-15.5,-750,525,53,18,1
2024,12,North Carolina,Wake Forest,0,5,-5.7,10.7,-10,-410,320,31,24,1
2024,12,Iowa State,Cincinnati,0,10.3,-0.1,10.4,-7.5,-265,215,34,17,1
2024,12,New Mexico,Washington State,0,-14.8,1.3,-16.1,14,310,-395,38,35,1
2024,12,BYU,Kansas,0,15.3,4.9,10.4,-7,-142,120,13,17,0
2024,12,UNLV,San Diego State,0,9.3,-15.4,24.7,-18.5,-2100,1100,41,20,1
2024,13,Kent State,Akron,0,-33,-17.9,-15.1,9.5,310,-395,17,38,0
2024,13,Central Michigan,Western Michigan,0,-15.8,-10.2,-5.6,7.5,180,-218,16,14,1
2024,13,Miami (OH),Northern Illinois,0,1.3,-3.5,4.8,-3.5,-122,102,20,9,1
2024,13,Toledo,Ohio,0,-2.5,2.3,-4.8,-3,-115,-105,7,24,0
2024,13,Eastern Michigan,Buffalo,0,-13.3,-4,-9.3,-1.5,-112,-108,20,37,0
2024,13,Georgia Tech,NC State,0,1.9,3.9,-2.0,-9.5,-298,240,30,29,1
2024,13,UTSA,Temple,0,2.2,-20.3,22.5,-15.5,-700,500,51,27,1
2024,13,Michigan State,Purdue,0,-4.6,-16.2,11.6,-14.5,-600,440,24,17,1
2024,13,San José State,UNLV,0,-5.5,9.3,-14.8,7.5,245,-305,16,27,0
2024,13,Boston College,North Carolina,0,1.2,5,-3.8,3.5,105,-125,41,21,1
2024,13,Miami,Wake Forest,0,21.6,-5.7,27.3,-24,-2400,1200,42,14,1
2024,13,Virginia,SMU,0,-5.1,17.5,-22.6,9.5,295,-375,7,33,0
2024,13,Maryland,Iowa,0,-3.9,15.8,-19.7,7,154,-185,13,29,0
2024,13,Ohio State,Indiana,0,31.2,20.1,11.1,-11.5,-410,320,38,15,1
2024,13,Florida,Ole Miss,0,13.8,27.9,-14.1,6.5,380,-470,24,17,1
2024,13,Rutgers,Illinois,0,6.4,9.6,-3.2,-2,100,-120,31,38,0
2024,13,Syracuse,UConn,0,5.5,1.5,4.0,-11.5,-345,275,31,24,1
2024,13,Jacksonville State,Sam Houston,0,-1,-6.9,5.9,-6.5,-198,164,21,11,1
2024,13,Georgia,Massachusetts,0,24.3,-21.9,46.2,-45.5,,,59,21,1
2024,13,Liberty,Western Kentucky,0,0.2,-2.2,2.4,1,-112,-108,38,21,1
2024,13,Tennessee,UTEP,0,22,-22.7,44.7,-41.5,,,56,0,1
2024,13,Ball State,Bowling Green,0,-19.8,-1.8,-18.0,10,350,-455,13,38,0
2024,13,UAB,Rice,0,-11.3,-11.4,0.1,6.5,205,-250,40,14,1
2024,13,Middle Tennessee,New Mexico State,0,-24.4,-19,-5.4,-4.5,-162,136,21,36,0
2024,13,App State,James Madison,0,-8.1,7.5,-15.6,7,215,-265,34,20,1
2024,13,Arkansas State,UL Monroe,0,-9.9,-16.7,6.8,-4,-148,124,28,21,1
2024,13,Florida Atlantic,Charlotte,0,-12.7,-15.3,2.6,0,130,-155,27,39,0
2024,13,TCU,Arizona,0,10.8,-2.8,13.6,-9.5,-425,330,49,28,1
2024,13,Kennesaw State,Florida International,0,-25.1,-12.1,-13.0,9.5,260,-325,27,26,1
2024,13,Southern Miss,South Alabama,0,-25.6,2.8,-28.4,21.5,1200,-2400,14,35,0
2024,13,Utah State,San Diego State,0,-10.4,-15.4,5.0,-4.5,-198,164,41,20,1
2024,13,Texas,Kentucky,0,24.1,5.5,18.6,-21,-1200,750,31,14,1
2024,13,California,Stanford,0,4,-8.2,12.2,-13,-600,440,24,21,1
2024,13,Oklahoma State,Texas Tech,0,-2.6,4.3,-6.9,4,150,-180,48,56,0
2024,13,South Florida,Tulsa,0,-2.3,-20.6,18.3,-14,-850,575,63,30,1
2024,13,Kansas,Colorado,1,4.9,8.1,-3.2,2.5,125,-145,37,21,1
2024,13,Coastal Carolina,Georgia Southern,0,-6.9,-1.7,-5.2,-1.5,-125,105,6,26,0
2024,13,Arizona State,BYU,0,9.4,15.3,-5.9,-1,-170,142,28,23,1
2024,13,Minnesota,Penn State,0,10.4,24.6,-14.2,10,330,-425,25,26,0
2024,13,Michigan,Northwestern,0,10.6,-8.2,18.8,-13.5,-425,330,50,6,1
2024,13,North Texas,East Carolina,0,-4.5,-1,-3.5,-3,-145,125,28,40,0
2024,13,West Virginia,UCF,0,2.1,2.8,-0.7,2.5,124,-148,31,21,1
2024,13,Nebraska,Wisconsin,0,5.5,3,2.5,-1.5,-118,-102,44,25,1
2024,13,Louisville,Pittsburgh,0,13.6,4.9,8.7,-7.5,-278,225,37,9,1
2024,13,Arkansas,Louisiana Tech,0,11,-11.6,22.6,-23.5,-1800,1000,35,14,1
2024,13,Mississippi State,Missouri,0,-4.1,14,-18.1,6.5,280,-355,20,39,0
2024,13,Louisiana,Troy,0,4.8,-6.6,11.4,-10.5,-285,230,51,30,1
2024,13,Texas State,Georgia State,0,5.4,-17.9,23.3,-18,-2100,1100,44,52,0
2024,13,Houston,Baylor,0,-8.2,8.4,-16.6,6.5,215,-265,10,20,0
2024,13,Oregon State,Washington State,0,-6.7,1.3,-8.0,12.5,340,-440,41,38,1
2024,13,Notre Dame,Army,1,23.9,9.2,14.7,-15.5,-675,490,49,14,1
2024,13,Wyoming,Boise State,0,-13.6,10.1,-23.7,22.5,1100,-2100,13,17,0
2024,13,Old Dominion,Marshall,0,-6,3.1,-9.1,2,-135,114,35,42,0
2024,13,Utah,Iowa State,0,7.7,10.3,-2.6,-9,210,-258,28,31,0
2024,13,Auburn,Texas A&M,0,9.5,17,-7.5,2,114,-135,43,41,1
2024,13,Oklahoma,Alabama,0,9.5,25,-15.5,2,455,-625,24,3,1
2024,13,LSU,Vanderbilt,0,15.9,4.9,11.0,-11,-375,295,24,17,1
2024,13,Duke,Virginia Tech,0,5.6,10,-4.4,2.5,114,-135,31,28,1
2024,13,Kansas State,Cincinnati,0,14.1,-0.1,14.2,-8.5,-270,220,41,15,1
2024,13,Fresno State,Colorado State,0,-3.8,-5.7,1.9,-1,-155,130,28,22,1
2024,13,UCLA,USC,0,-1.3,11.9,-13.2,6.5,150,-180,13,19,0
2024,13,Nevada,Air Force,0,-15.2,-11.7,-3.5,-3.5,-148,124,19,22,0
2024,14,Buffalo,Kent State,0,-4,-33,29,-21.5,-1600,900,43,7,1
2024,14,Akron,Toledo,0,-17.9,-2.5,-15.4,9.5,260,-325,21,14,1
2024,14,Tulane,Memphis,0,5.7,9.6,-3.9,-12.5,-455,350,24,34,0
2024,14,Colorado,Oklahoma State,0,8.1,-2.6,10.7,-16.5,-700,500,52,0,1
2024,14,Wisconsin,Minnesota,0,3,10.4,-7.4,-2,-125,105,7,24,0
2024,14,East Carolina,Navy,0,-1,3.5,-4.5,-1,-162,136,20,34,0
2024,14,Ohio,Ball State,0,2.3,-19.8,22.1,-13.5,-900,600,42,21,1
2024,14,Bowling Green,Miami (OH),0,-1.8,1.3,-3.1,-3,-142,120,12,28,0
2024,14,Boise State,Oregon State,0,10.1,-6.7,16.8,-18.5,-900,600,34,18,1
2024,14,Colorado State,Utah State,0,-5.7,-10.4,4.7,-7,-192,160,42,37,1
2024,14,Sam Houston,Liberty,0,-6.9,0.2,-7.1,1,110,-130,20,18,1
2024,14,South Alabama,Texas State,0,2.8,5.4,-2.6,-1,105,-125,38,45,0
2024,14,Ole Miss,Mississippi State,0,27.9,-4.1,32.0,-26,-5000,1300,26,14,1
2024,14,San José State,Stanford,0,-5.5,-8.2,2.7,-1.5,-130,110,34,31,1
2024,14,Iowa,Nebraska,0,15.8,5.5,10.3,-5.5,-220,180,13,10,1
2024,14,Georgia,Georgia Tech,0,24.3,1.9,22.4,-20.5,-850,575,44,42,1
2024,14,UCF,Utah,0,2.8,7.7,-4.9,-9,-350,275,14,28,0
2024,14,Kentucky,Louisville,0,5.5,13.6,-8.1,3.5,150,-175,14,41,0
2024,14,Texas Tech,West Virginia,0,4.3,2.1,2.2,-3.5,-170,145,52,15,1
2024,14,Clemson,South Carolina,0,13.3,16.9,-3.6,-4.5,-142,120,14,17,0
2024,14,Northwestern,Illinois,1,-8.2,9.6,-17.8,7.5,240,-290,28,38,0
2024,14,Ohio State,Michigan,0,31.2,10.6,20.6,-20.5,-2000,1000,10,13,0
2024,14,Massachusetts,UConn,0,-21.9,1.5,-23.4,10,250,-310,42,47,0
2024,14,Wake Forest,Duke,0,-5.7,5.6,-11.3,2.5,140,-165,17,23,0
2024,14,Baylor,Kansas,0,8.4,4.9,3.5,-3,100,-120,45,17,1
2024,14,UL Monroe,Louisiana,0,-16.7,4.8,-21.5,10.5,250,-310,23,37,0
2024,14,Vanderbilt,Tennessee,0,4.9,22,-17.1,10.5,295,-375,23,36,0
2024,14,Temple,North Texas,0,-20.3,-4.5,-15.8,9.5,330,-425,17,24,0
2024,14,Army,UTSA,0,9.2,2.2,7.0,-7.5,-230,190,29,24,1
2024,14,Western Michigan,Eastern Michigan,0,-10.2,-13.3,3.1,-6.5,-205,170,26,18,1
2024,14,Georgia State,Coastal Carolina,0,-17.9,-6.9,-11.0,0,-112,-108,27,48,0
2024,14,Rice,South Florida,0,-11.4,-2.3,-9.1,3.5,164,-198,35,28,1
2024,14,Troy,Southern Miss,0,-6.6,-25.6,19.0,-15.5,-800,550,52,20,1
2024,14,Florida International,Middle Tennessee,1,-12.1,-24.4,12.3,-7,-375,295,35,24,1
2024,14,Boston College,Pittsburgh,0,1.2,4.9,-3.7,-4.5,-195,165,34,23,1
2024,14,Arkansas State,Old Dominion,0,-9.9,-6,-3.9,1,170,-205,32,40,0
2024,14,Syracuse,Miami,0,5.5,21.6,-16.1,10,330,-425,42,38,1
2024,14,North Carolina,NC State,0,5,3.9,1.1,-3.5,-125,105,30,35,0
2024,14,Missouri,Arkansas,0,14,11,3,-3,-148,124,28,21,1
2024,14,Charlotte,UAB,0,-15.3,-11.3,-4.0,-4.5,-108,-112,29,27,1
2024,14,Northern Illinois,Central Michigan,0,-3.5,-15.8,12.3,-12.5,-520,390,24,16,1
2024,14,Tulsa,Florida Atlantic,0,-20.6,-12.7,-7.9,1.5,-112,-108,16,63,0
2024,14,Arizona,Arizona State,0,-2.8,9.4,-12.2,8.5,270,-340,7,49,0
2024,14,SMU,California,0,17.5,4,13.5,-9,-500,380,38,6,1
2024,14,Penn State,Maryland,0,24.6,-3.9,28.5,-24.5,-3300,1100,44,7,1
2024,14,USC,Notre Dame,0,11.9,23.9,-12.0,7,235,-285,35,49,0
2024,14,Alabama,Auburn,0,25,9.5,15.5,-11.5,-450,340,28,14,1
2024,14,Michigan State,Rutgers,0,-4.6,6.4,-11.0,-1,-115,-105,14,41,0
2024,14,UCLA,Fresno State,0,-1.3,-3.8,2.5,-10,-285,230,20,13,1
2024,14,Western Kentucky,Jacksonville State,0,-2.2,-1,-1.2,-2.5,-112,-108,19,17,1
2024,14,Louisiana Tech,Kennesaw State,0,-11.6,-25.1,13.5,-12.5,-355,280,33,0,1
2024,14,New Mexico State,UTEP,0,-19,-22.7,3.7,-2.5,-162,136,35,42,0
2024,14,Cincinnati,TCU,0,-0.1,10.8,-10.9,3,125,-145,13,20,0
2024,14,Georgia Southern,App State,0,-1.7,-8.1,6.4,-3,-135,114,29,20,1
2024,14,Washington State,Wyoming,0,1.3,-13.6,14.9,-17.5,-850,575,14,15,0
2024,14,Indiana,Purdue,0,20.1,-16.2,36.3,-28,-10000,1600,66,0,1
2024,14,Florida State,Florida,0,-3.2,13.8,-17.0,14.5,475,-700,11,31,0
2024,14,LSU,Oklahoma,0,15.9,9.5,6.4,-5.5,-220,180,37,17,1
2024,14,Oregon,Washington,0,26,3.1,22.9,-18.5,-1100,650,49,21,1
2024,14,Texas A&M,Texas,0,17,24.1,-7.1,5.5,175,-210,7,17,0
2024,14,Iowa State,Kansas State,0,10.3,14.1,-3.8,-3,-150,130,29,21,1
2024,14,James Madison,Marshall,0,7.5,3.1,4.4,-3,-170,142,33,35,0
2024,14,Virginia Tech,Virginia,0,10,-5.1,15.1,-7.5,-300,250,37,17,1
2024,14,UNLV,Nevada,0,9.3,-15.2,24.5,-18,-800,550,38,14,1
2024,14,BYU,Houston,0,15.3,-8.2,23.5,-12,-500,360,30,18,1
2024,14,San Diego State,Air Force,0,-15.4,-11.7,-3.7,2.5,180,-218,20,31,0
2024,14,Hawai'i,New Mexico,0,-10.9,-14.8,3.9,2.5,185,-225,38,30,1
2024,15,Jacksonville State,Western Kentucky,0,-1,-2.2,1.2,,-185,154,52,12,1
2024,15,Boise State,UNLV,0,10.1,9.3,0.8,,-192,160,21,7,1
2024,15,Army,Tulane,0,9.2,5.7,3.5,,185,-225,35,14,1
2024,15,Arizona State,Iowa State,1,9.4,10.3,-0.9,,100,-120,45,19,1
2024,15,Miami (OH),Ohio,1,1.3,2.3,-1.0,,-135,114,3,38,0
2024,15,Texas,Georgia,1,24.1,24.3,-0.2,,-155,130,19,22,0
2024,15,Louisiana,Marshall,0,4.8,3.1,1.7,-4.5,,,3,31,0
2024,15,SMU,Clemson,1,17.5,13.3,4.2,,-135,114,31,34,0
2024,15,Oregon,Penn State,1,26,24.6,1.4,,-180,150,45,37,1
2024,16,Army,Navy,1,9.2,3.5,5.7,0,-270,220,13,31,0
